"Species","Year","Num_of_trees","sss"
"CAGL_canopy",1890,1,0.367
"CAGL_canopy",1891,1,0.367
"CAGL_canopy",1892,1,0.367
"CAGL_canopy",1893,1,0.367
"CAGL_canopy",1894,1,0.367
"CAGL_canopy",1895,1,0.367
"CAGL_canopy",1896,1,0.367
"CAGL_canopy",1897,1,0.367
"CAGL_canopy",1898,1,0.367
"CAGL_canopy",1899,1,0.367
"CAGL_canopy",1900,1,0.367
"CAGL_canopy",1901,3,0.709
"CAGL_canopy",1902,4,0.802
"CAGL_canopy",1903,4,0.802
"CAGL_canopy",1904,4,0.802
"CAGL_canopy",1905,4,0.802
"CAGL_canopy",1906,5,0.871
"CAGL_canopy",1907,6,0.924
"CAGL_canopy",1908,6,0.924
"CAGL_canopy",1909,6,0.924
"CAGL_canopy",1910,6,0.924
"CAGL_canopy",1911,6,0.924
"CAGL_canopy",1912,6,0.924
"CAGL_canopy",1913,6,0.924
"CAGL_canopy",1914,6,0.924
"CAGL_canopy",1915,6,0.924
"CAGL_canopy",1916,6,0.924
"CAGL_canopy",1917,6,0.924
"CAGL_canopy",1918,6,0.924
"CAGL_canopy",1919,6,0.924
"CAGL_canopy",1920,6,0.924
"CAGL_canopy",1921,6,0.924
"CAGL_canopy",1922,6,0.924
"CAGL_canopy",1923,7,0.966
"CAGL_canopy",1924,7,0.966
"CAGL_canopy",1925,7,0.966
"CAGL_canopy",1926,7,0.966
"CAGL_canopy",1927,7,0.966
"CAGL_canopy",1928,7,0.966
"CAGL_canopy",1929,7,0.966
"CAGL_canopy",1930,7,0.966
"CAGL_canopy",1931,8,1
"CAGL_canopy",1932,8,1
"CAGL_canopy",1933,8,1
"CAGL_canopy",1934,8,1
"CAGL_canopy",1935,8,1
"CAGL_canopy",1936,8,1
"CAGL_canopy",1937,8,1
"CAGL_canopy",1938,8,1
"CAGL_canopy",1939,8,1
"CAGL_canopy",1940,8,1
"CAGL_canopy",1941,8,1
"CAGL_canopy",1942,8,1
"CAGL_canopy",1943,8,1
"CAGL_canopy",1944,8,1
"CAGL_canopy",1945,8,1
"CAGL_canopy",1946,8,1
"CAGL_canopy",1947,8,1
"CAGL_canopy",1948,8,1
"CAGL_canopy",1949,8,1
"CAGL_canopy",1950,8,1
"CAGL_canopy",1951,8,1
"CAGL_canopy",1952,8,1
"CAGL_canopy",1953,8,1
"CAGL_canopy",1954,8,1
"CAGL_canopy",1955,8,1
"CAGL_canopy",1956,9,1
"CAGL_canopy",1957,9,1
"CAGL_canopy",1958,9,1
"CAGL_canopy",1959,9,1
"CAGL_canopy",1960,9,1
"CAGL_canopy",1961,9,1
"CAGL_canopy",1962,9,1
"CAGL_canopy",1963,9,1
"CAGL_canopy",1964,9,1
"CAGL_canopy",1965,9,1
"CAGL_canopy",1966,9,1
"CAGL_canopy",1967,9,1
"CAGL_canopy",1968,9,1
"CAGL_canopy",1969,9,1
"CAGL_canopy",1970,9,1
"CAGL_canopy",1971,9,1
"CAGL_canopy",1972,9,1
"CAGL_canopy",1973,9,1
"CAGL_canopy",1974,9,1
"CAGL_canopy",1975,9,1
"CAGL_canopy",1976,9,1
"CAGL_canopy",1977,9,1
"CAGL_canopy",1978,9,1
"CAGL_canopy",1979,9,1
"CAGL_canopy",1980,9,1
"CAGL_canopy",1981,9,1
"CAGL_canopy",1982,9,1
"CAGL_canopy",1983,9,1
"CAGL_canopy",1984,9,1
"CAGL_canopy",1985,9,1
"CAGL_canopy",1986,9,1
"CAGL_canopy",1987,9,1
"CAGL_canopy",1988,9,1
"CAGL_canopy",1989,9,1
"CAGL_canopy",1990,9,1
"CAGL_canopy",1991,9,1
"CAGL_canopy",1992,9,1
"CAGL_canopy",1993,9,1
"CAGL_canopy",1994,9,1
"CAGL_canopy",1995,9,1
"CAGL_canopy",1996,9,1
"CAGL_canopy",1997,9,1
"CAGL_canopy",1998,9,1
"CAGL_canopy",1999,9,1
"CAGL_canopy",2000,9,1
"CAGL_canopy",2001,9,1
"CAGL_canopy",2002,9,1
"CAGL_canopy",2003,9,1
"CAGL_canopy",2004,9,1
"CAGL_canopy",2005,8,1
"CAGL_canopy",2006,8,1
"CAGL_canopy",2007,8,1
"CAGL_canopy",2008,8,1
"CAGL_canopy",2009,6,0.924
"CAGL_canopy",2010,1,0.367
"CAGL_canopy",2011,1,0.367
"CAGL_canopy",2012,1,0.367
"CAGL_canopy",2013,1,0.367
"CAGL_canopy",2014,1,0.367
"CAGL_canopy",2015,1,0.367
"CAOVL_canopy",1892,1,0.461
"CAOVL_canopy",1893,2,0.666
"CAOVL_canopy",1894,2,0.666
"CAOVL_canopy",1895,2,0.666
"CAOVL_canopy",1896,3,0.782
"CAOVL_canopy",1897,3,0.782
"CAOVL_canopy",1898,3,0.782
"CAOVL_canopy",1899,3,0.782
"CAOVL_canopy",1900,3,0.782
"CAOVL_canopy",1901,3,0.782
"CAOVL_canopy",1902,3,0.782
"CAOVL_canopy",1903,3,0.782
"CAOVL_canopy",1904,3,0.782
"CAOVL_canopy",1905,3,0.782
"CAOVL_canopy",1906,3,0.782
"CAOVL_canopy",1907,3,0.782
"CAOVL_canopy",1908,3,0.782
"CAOVL_canopy",1909,3,0.782
"CAOVL_canopy",1910,3,0.782
"CAOVL_canopy",1911,3,0.782
"CAOVL_canopy",1912,3,0.782
"CAOVL_canopy",1913,3,0.782
"CAOVL_canopy",1914,3,0.782
"CAOVL_canopy",1915,4,0.857
"CAOVL_canopy",1916,4,0.857
"CAOVL_canopy",1917,4,0.857
"CAOVL_canopy",1918,4,0.857
"CAOVL_canopy",1919,4,0.857
"CAOVL_canopy",1920,5,0.909
"CAOVL_canopy",1921,6,0.947
"CAOVL_canopy",1922,6,0.947
"CAOVL_canopy",1923,6,0.947
"CAOVL_canopy",1924,6,0.947
"CAOVL_canopy",1925,6,0.947
"CAOVL_canopy",1926,6,0.947
"CAOVL_canopy",1927,6,0.947
"CAOVL_canopy",1928,7,0.977
"CAOVL_canopy",1929,7,0.977
"CAOVL_canopy",1930,7,0.977
"CAOVL_canopy",1931,7,0.977
"CAOVL_canopy",1932,7,0.977
"CAOVL_canopy",1933,7,0.977
"CAOVL_canopy",1934,7,0.977
"CAOVL_canopy",1935,7,0.977
"CAOVL_canopy",1936,7,0.977
"CAOVL_canopy",1937,7,0.977
"CAOVL_canopy",1938,7,0.977
"CAOVL_canopy",1939,7,0.977
"CAOVL_canopy",1940,7,0.977
"CAOVL_canopy",1941,7,0.977
"CAOVL_canopy",1942,7,0.977
"CAOVL_canopy",1943,8,1
"CAOVL_canopy",1944,8,1
"CAOVL_canopy",1945,8,1
"CAOVL_canopy",1946,8,1
"CAOVL_canopy",1947,8,1
"CAOVL_canopy",1948,8,1
"CAOVL_canopy",1949,8,1
"CAOVL_canopy",1950,8,1
"CAOVL_canopy",1951,8,1
"CAOVL_canopy",1952,8,1
"CAOVL_canopy",1953,8,1
"CAOVL_canopy",1954,8,1
"CAOVL_canopy",1955,8,1
"CAOVL_canopy",1956,8,1
"CAOVL_canopy",1957,8,1
"CAOVL_canopy",1958,8,1
"CAOVL_canopy",1959,8,1
"CAOVL_canopy",1960,8,1
"CAOVL_canopy",1961,8,1
"CAOVL_canopy",1962,8,1
"CAOVL_canopy",1963,8,1
"CAOVL_canopy",1964,8,1
"CAOVL_canopy",1965,8,1
"CAOVL_canopy",1966,8,1
"CAOVL_canopy",1967,8,1
"CAOVL_canopy",1968,8,1
"CAOVL_canopy",1969,8,1
"CAOVL_canopy",1970,8,1
"CAOVL_canopy",1971,8,1
"CAOVL_canopy",1972,8,1
"CAOVL_canopy",1973,8,1
"CAOVL_canopy",1974,8,1
"CAOVL_canopy",1975,8,1
"CAOVL_canopy",1976,8,1
"CAOVL_canopy",1977,8,1
"CAOVL_canopy",1978,8,1
"CAOVL_canopy",1979,8,1
"CAOVL_canopy",1980,8,1
"CAOVL_canopy",1981,8,1
"CAOVL_canopy",1982,8,1
"CAOVL_canopy",1983,8,1
"CAOVL_canopy",1984,8,1
"CAOVL_canopy",1985,8,1
"CAOVL_canopy",1986,8,1
"CAOVL_canopy",1987,8,1
"CAOVL_canopy",1988,8,1
"CAOVL_canopy",1989,8,1
"CAOVL_canopy",1990,8,1
"CAOVL_canopy",1991,8,1
"CAOVL_canopy",1992,8,1
"CAOVL_canopy",1993,8,1
"CAOVL_canopy",1994,8,1
"CAOVL_canopy",1995,8,1
"CAOVL_canopy",1996,8,1
"CAOVL_canopy",1997,8,1
"CAOVL_canopy",1998,8,1
"CAOVL_canopy",1999,8,1
"CAOVL_canopy",2000,8,1
"CAOVL_canopy",2001,8,1
"CAOVL_canopy",2002,8,1
"CAOVL_canopy",2003,8,1
"CAOVL_canopy",2004,8,1
"CAOVL_canopy",2005,8,1
"CAOVL_canopy",2006,8,1
"CAOVL_canopy",2007,7,0.977
"CAOVL_canopy",2008,7,0.977
"CAOVL_canopy",2009,5,0.909
"FAGR_canopy",1902,1,0.356
"FAGR_canopy",1903,1,0.356
"FAGR_canopy",1904,1,0.356
"FAGR_canopy",1905,1,0.356
"FAGR_canopy",1906,1,0.356
"FAGR_canopy",1907,1,0.356
"FAGR_canopy",1908,1,0.356
"FAGR_canopy",1909,1,0.356
"FAGR_canopy",1910,1,0.356
"FAGR_canopy",1911,1,0.356
"FAGR_canopy",1912,1,0.356
"FAGR_canopy",1913,1,0.356
"FAGR_canopy",1914,1,0.356
"FAGR_canopy",1915,1,0.356
"FAGR_canopy",1916,1,0.356
"FAGR_canopy",1917,1,0.356
"FAGR_canopy",1918,1,0.356
"FAGR_canopy",1919,1,0.356
"FAGR_canopy",1920,1,0.356
"FAGR_canopy",1921,1,0.356
"FAGR_canopy",1922,1,0.356
"FAGR_canopy",1923,1,0.356
"FAGR_canopy",1924,1,0.356
"FAGR_canopy",1925,1,0.356
"FAGR_canopy",1926,1,0.356
"FAGR_canopy",1927,1,0.356
"FAGR_canopy",1928,1,0.356
"FAGR_canopy",1929,1,0.356
"FAGR_canopy",1930,1,0.356
"FAGR_canopy",1931,1,0.356
"FAGR_canopy",1932,2,0.624
"FAGR_canopy",1933,2,0.624
"FAGR_canopy",1934,2,0.624
"FAGR_canopy",1935,2,0.624
"FAGR_canopy",1936,2,0.624
"FAGR_canopy",1937,2,0.624
"FAGR_canopy",1938,2,0.624
"FAGR_canopy",1939,2,0.624
"FAGR_canopy",1940,3,0.833
"FAGR_canopy",1941,3,0.833
"FAGR_canopy",1942,3,0.833
"FAGR_canopy",1943,3,0.833
"FAGR_canopy",1944,3,0.833
"FAGR_canopy",1945,3,0.833
"FAGR_canopy",1946,3,0.833
"FAGR_canopy",1947,3,0.833
"FAGR_canopy",1948,3,0.833
"FAGR_canopy",1949,3,0.833
"FAGR_canopy",1950,4,1
"FAGR_canopy",1951,4,1
"FAGR_canopy",1952,4,1
"FAGR_canopy",1953,4,1
"FAGR_canopy",1954,4,1
"FAGR_canopy",1955,6,1
"FAGR_canopy",1956,6,1
"FAGR_canopy",1957,6,1
"FAGR_canopy",1958,6,1
"FAGR_canopy",1959,6,1
"FAGR_canopy",1960,6,1
"FAGR_canopy",1961,6,1
"FAGR_canopy",1962,6,1
"FAGR_canopy",1963,6,1
"FAGR_canopy",1964,6,1
"FAGR_canopy",1965,6,1
"FAGR_canopy",1966,6,1
"FAGR_canopy",1967,6,1
"FAGR_canopy",1968,7,1
"FAGR_canopy",1969,7,1
"FAGR_canopy",1970,7,1
"FAGR_canopy",1971,7,1
"FAGR_canopy",1972,7,1
"FAGR_canopy",1973,7,1
"FAGR_canopy",1974,7,1
"FAGR_canopy",1975,7,1
"FAGR_canopy",1976,7,1
"FAGR_canopy",1977,7,1
"FAGR_canopy",1978,7,1
"FAGR_canopy",1979,7,1
"FAGR_canopy",1980,7,1
"FAGR_canopy",1981,7,1
"FAGR_canopy",1982,7,1
"FAGR_canopy",1983,7,1
"FAGR_canopy",1984,7,1
"FAGR_canopy",1985,7,1
"FAGR_canopy",1986,7,1
"FAGR_canopy",1987,7,1
"FAGR_canopy",1988,7,1
"FAGR_canopy",1989,7,1
"FAGR_canopy",1990,7,1
"FAGR_canopy",1991,7,1
"FAGR_canopy",1992,7,1
"FAGR_canopy",1993,7,1
"FAGR_canopy",1994,7,1
"FAGR_canopy",1995,7,1
"FAGR_canopy",1996,7,1
"FAGR_canopy",1997,7,1
"FAGR_canopy",1998,7,1
"FAGR_canopy",1999,7,1
"FAGR_canopy",2000,7,1
"FAGR_canopy",2001,7,1
"FAGR_canopy",2002,7,1
"FAGR_canopy",2003,7,1
"FAGR_canopy",2004,7,1
"FAGR_canopy",2005,7,1
"FAGR_canopy",2006,7,1
"FAGR_canopy",2007,7,1
"FAGR_canopy",2008,7,1
"FAGR_canopy",2009,6,1
"FRAM_canopy",1879,1,0.295
"FRAM_canopy",1880,1,0.295
"FRAM_canopy",1881,1,0.295
"FRAM_canopy",1882,2,0.47
"FRAM_canopy",1883,2,0.47
"FRAM_canopy",1884,2,0.47
"FRAM_canopy",1885,3,0.585
"FRAM_canopy",1886,3,0.585
"FRAM_canopy",1887,3,0.585
"FRAM_canopy",1888,3,0.585
"FRAM_canopy",1889,3,0.585
"FRAM_canopy",1890,3,0.585
"FRAM_canopy",1891,3,0.585
"FRAM_canopy",1892,4,0.667
"FRAM_canopy",1893,5,0.729
"FRAM_canopy",1894,5,0.729
"FRAM_canopy",1895,6,0.776
"FRAM_canopy",1896,7,0.814
"FRAM_canopy",1897,7,0.814
"FRAM_canopy",1898,7,0.814
"FRAM_canopy",1899,8,0.846
"FRAM_canopy",1900,8,0.846
"FRAM_canopy",1901,8,0.846
"FRAM_canopy",1902,8,0.846
"FRAM_canopy",1903,8,0.846
"FRAM_canopy",1904,8,0.846
"FRAM_canopy",1905,8,0.846
"FRAM_canopy",1906,8,0.846
"FRAM_canopy",1907,8,0.846
"FRAM_canopy",1908,8,0.846
"FRAM_canopy",1909,8,0.846
"FRAM_canopy",1910,8,0.846
"FRAM_canopy",1911,8,0.846
"FRAM_canopy",1912,8,0.846
"FRAM_canopy",1913,8,0.846
"FRAM_canopy",1914,9,0.871
"FRAM_canopy",1915,9,0.871
"FRAM_canopy",1916,9,0.871
"FRAM_canopy",1917,9,0.871
"FRAM_canopy",1918,9,0.871
"FRAM_canopy",1919,9,0.871
"FRAM_canopy",1920,10,0.893
"FRAM_canopy",1921,10,0.893
"FRAM_canopy",1922,11,0.912
"FRAM_canopy",1923,11,0.912
"FRAM_canopy",1924,11,0.912
"FRAM_canopy",1925,12,0.928
"FRAM_canopy",1926,13,0.942
"FRAM_canopy",1927,13,0.942
"FRAM_canopy",1928,13,0.942
"FRAM_canopy",1929,13,0.942
"FRAM_canopy",1930,13,0.942
"FRAM_canopy",1931,14,0.955
"FRAM_canopy",1932,14,0.955
"FRAM_canopy",1933,14,0.955
"FRAM_canopy",1934,14,0.955
"FRAM_canopy",1935,14,0.955
"FRAM_canopy",1936,15,0.966
"FRAM_canopy",1937,16,0.976
"FRAM_canopy",1938,16,0.976
"FRAM_canopy",1939,16,0.976
"FRAM_canopy",1940,18,0.993
"FRAM_canopy",1941,18,0.993
"FRAM_canopy",1942,18,0.993
"FRAM_canopy",1943,18,0.993
"FRAM_canopy",1944,19,1
"FRAM_canopy",1945,19,1
"FRAM_canopy",1946,19,1
"FRAM_canopy",1947,19,1
"FRAM_canopy",1948,19,1
"FRAM_canopy",1949,19,1
"FRAM_canopy",1950,19,1
"FRAM_canopy",1951,19,1
"FRAM_canopy",1952,19,1
"FRAM_canopy",1953,19,1
"FRAM_canopy",1954,19,1
"FRAM_canopy",1955,19,1
"FRAM_canopy",1956,19,1
"FRAM_canopy",1957,19,1
"FRAM_canopy",1958,20,1
"FRAM_canopy",1959,20,1
"FRAM_canopy",1960,20,1
"FRAM_canopy",1961,20,1
"FRAM_canopy",1962,20,1
"FRAM_canopy",1963,20,1
"FRAM_canopy",1964,20,1
"FRAM_canopy",1965,20,1
"FRAM_canopy",1966,20,1
"FRAM_canopy",1967,20,1
"FRAM_canopy",1968,20,1
"FRAM_canopy",1969,20,1
"FRAM_canopy",1970,20,1
"FRAM_canopy",1971,20,1
"FRAM_canopy",1972,20,1
"FRAM_canopy",1973,20,1
"FRAM_canopy",1974,20,1
"FRAM_canopy",1975,20,1
"FRAM_canopy",1976,20,1
"FRAM_canopy",1977,20,1
"FRAM_canopy",1978,20,1
"FRAM_canopy",1979,20,1
"FRAM_canopy",1980,20,1
"FRAM_canopy",1981,20,1
"FRAM_canopy",1982,20,1
"FRAM_canopy",1983,20,1
"FRAM_canopy",1984,20,1
"FRAM_canopy",1985,20,1
"FRAM_canopy",1986,20,1
"FRAM_canopy",1987,20,1
"FRAM_canopy",1988,20,1
"FRAM_canopy",1989,20,1
"FRAM_canopy",1990,20,1
"FRAM_canopy",1991,20,1
"FRAM_canopy",1992,20,1
"FRAM_canopy",1993,20,1
"FRAM_canopy",1994,20,1
"FRAM_canopy",1995,20,1
"FRAM_canopy",1996,20,1
"FRAM_canopy",1997,20,1
"FRAM_canopy",1998,20,1
"FRAM_canopy",1999,20,1
"FRAM_canopy",2000,20,1
"FRAM_canopy",2001,20,1
"FRAM_canopy",2002,20,1
"FRAM_canopy",2003,20,1
"FRAM_canopy",2004,20,1
"FRAM_canopy",2005,20,1
"FRAM_canopy",2006,20,1
"FRAM_canopy",2007,20,1
"FRAM_canopy",2008,19,1
"FRAM_canopy",2009,19,1
"FRAM_canopy",2010,8,0.846
"FRAM_canopy",2011,8,0.846
"FRAM_canopy",2012,7,0.814
"FRAM_canopy",2013,7,0.814
"FRAM_canopy",2014,7,0.814
"FRAM_canopy",2015,6,0.776
"FRAM_canopy",2016,3,0.585
"JUNI_canopy",1891,1,0.331
"JUNI_canopy",1892,1,0.331
"JUNI_canopy",1893,1,0.331
"JUNI_canopy",1894,1,0.331
"JUNI_canopy",1895,1,0.331
"JUNI_canopy",1896,1,0.331
"JUNI_canopy",1897,1,0.331
"JUNI_canopy",1898,2,0.511
"JUNI_canopy",1899,2,0.511
"JUNI_canopy",1900,2,0.511
"JUNI_canopy",1901,2,0.511
"JUNI_canopy",1902,2,0.511
"JUNI_canopy",1903,2,0.511
"JUNI_canopy",1904,3,0.623
"JUNI_canopy",1905,3,0.623
"JUNI_canopy",1906,3,0.623
"JUNI_canopy",1907,4,0.7
"JUNI_canopy",1908,4,0.7
"JUNI_canopy",1909,4,0.7
"JUNI_canopy",1910,4,0.7
"JUNI_canopy",1911,4,0.7
"JUNI_canopy",1912,4,0.7
"JUNI_canopy",1913,5,0.756
"JUNI_canopy",1914,7,0.832
"JUNI_canopy",1915,9,0.881
"JUNI_canopy",1916,10,0.9
"JUNI_canopy",1917,10,0.9
"JUNI_canopy",1918,11,0.916
"JUNI_canopy",1919,11,0.916
"JUNI_canopy",1920,11,0.916
"JUNI_canopy",1921,11,0.916
"JUNI_canopy",1922,11,0.916
"JUNI_canopy",1923,12,0.93
"JUNI_canopy",1924,13,0.942
"JUNI_canopy",1925,14,0.952
"JUNI_canopy",1926,14,0.952
"JUNI_canopy",1927,14,0.952
"JUNI_canopy",1928,15,0.961
"JUNI_canopy",1929,16,0.969
"JUNI_canopy",1930,16,0.969
"JUNI_canopy",1931,16,0.969
"JUNI_canopy",1932,16,0.969
"JUNI_canopy",1933,17,0.977
"JUNI_canopy",1934,18,0.983
"JUNI_canopy",1935,19,0.989
"JUNI_canopy",1936,19,0.989
"JUNI_canopy",1937,19,0.989
"JUNI_canopy",1938,19,0.989
"JUNI_canopy",1939,19,0.989
"JUNI_canopy",1940,19,0.989
"JUNI_canopy",1941,19,0.989
"JUNI_canopy",1942,19,0.989
"JUNI_canopy",1943,20,0.995
"JUNI_canopy",1944,20,0.995
"JUNI_canopy",1945,20,0.995
"JUNI_canopy",1946,20,0.995
"JUNI_canopy",1947,20,0.995
"JUNI_canopy",1948,21,1
"JUNI_canopy",1949,21,1
"JUNI_canopy",1950,21,1
"JUNI_canopy",1951,21,1
"JUNI_canopy",1952,21,1
"JUNI_canopy",1953,21,1
"JUNI_canopy",1954,21,1
"JUNI_canopy",1955,22,1
"JUNI_canopy",1956,22,1
"JUNI_canopy",1957,22,1
"JUNI_canopy",1958,22,1
"JUNI_canopy",1959,22,1
"JUNI_canopy",1960,22,1
"JUNI_canopy",1961,22,1
"JUNI_canopy",1962,22,1
"JUNI_canopy",1963,22,1
"JUNI_canopy",1964,22,1
"JUNI_canopy",1965,22,1
"JUNI_canopy",1966,22,1
"JUNI_canopy",1967,22,1
"JUNI_canopy",1968,22,1
"JUNI_canopy",1969,22,1
"JUNI_canopy",1970,22,1
"JUNI_canopy",1971,22,1
"JUNI_canopy",1972,22,1
"JUNI_canopy",1973,22,1
"JUNI_canopy",1974,22,1
"JUNI_canopy",1975,22,1
"JUNI_canopy",1976,22,1
"JUNI_canopy",1977,22,1
"JUNI_canopy",1978,22,1
"JUNI_canopy",1979,22,1
"JUNI_canopy",1980,22,1
"JUNI_canopy",1981,22,1
"JUNI_canopy",1982,22,1
"JUNI_canopy",1983,22,1
"JUNI_canopy",1984,22,1
"JUNI_canopy",1985,22,1
"JUNI_canopy",1986,22,1
"JUNI_canopy",1987,22,1
"JUNI_canopy",1988,22,1
"JUNI_canopy",1989,22,1
"JUNI_canopy",1990,22,1
"JUNI_canopy",1991,22,1
"JUNI_canopy",1992,22,1
"JUNI_canopy",1993,22,1
"JUNI_canopy",1994,22,1
"JUNI_canopy",1995,22,1
"JUNI_canopy",1996,22,1
"JUNI_canopy",1997,22,1
"JUNI_canopy",1998,22,1
"JUNI_canopy",1999,22,1
"JUNI_canopy",2000,22,1
"JUNI_canopy",2001,21,1
"JUNI_canopy",2002,21,1
"JUNI_canopy",2003,20,0.995
"JUNI_canopy",2004,19,0.989
"JUNI_canopy",2005,19,0.989
"JUNI_canopy",2006,19,0.989
"JUNI_canopy",2007,19,0.989
"JUNI_canopy",2008,19,0.989
"JUNI_canopy",2009,18,0.983
"JUNI_canopy",2010,1,0.331
"LITU_canopy",1870,1,0.347
"LITU_canopy",1871,1,0.347
"LITU_canopy",1872,1,0.347
"LITU_canopy",1873,1,0.347
"LITU_canopy",1874,1,0.347
"LITU_canopy",1875,1,0.347
"LITU_canopy",1876,1,0.347
"LITU_canopy",1877,1,0.347
"LITU_canopy",1878,1,0.347
"LITU_canopy",1879,1,0.347
"LITU_canopy",1880,2,0.524
"LITU_canopy",1881,2,0.524
"LITU_canopy",1882,2,0.524
"LITU_canopy",1883,2,0.524
"LITU_canopy",1884,2,0.524
"LITU_canopy",1885,2,0.524
"LITU_canopy",1886,2,0.524
"LITU_canopy",1887,2,0.524
"LITU_canopy",1888,2,0.524
"LITU_canopy",1889,2,0.524
"LITU_canopy",1890,2,0.524
"LITU_canopy",1891,2,0.524
"LITU_canopy",1892,2,0.524
"LITU_canopy",1893,2,0.524
"LITU_canopy",1894,2,0.524
"LITU_canopy",1895,2,0.524
"LITU_canopy",1896,2,0.524
"LITU_canopy",1897,2,0.524
"LITU_canopy",1898,2,0.524
"LITU_canopy",1899,2,0.524
"LITU_canopy",1900,2,0.524
"LITU_canopy",1901,2,0.524
"LITU_canopy",1902,2,0.524
"LITU_canopy",1903,2,0.524
"LITU_canopy",1904,2,0.524
"LITU_canopy",1905,2,0.524
"LITU_canopy",1906,3,0.631
"LITU_canopy",1907,3,0.631
"LITU_canopy",1908,4,0.703
"LITU_canopy",1909,4,0.703
"LITU_canopy",1910,4,0.703
"LITU_canopy",1911,4,0.703
"LITU_canopy",1912,4,0.703
"LITU_canopy",1913,4,0.703
"LITU_canopy",1914,5,0.755
"LITU_canopy",1915,5,0.755
"LITU_canopy",1916,5,0.755
"LITU_canopy",1917,5,0.755
"LITU_canopy",1918,6,0.794
"LITU_canopy",1919,8,0.848
"LITU_canopy",1920,9,0.868
"LITU_canopy",1921,9,0.868
"LITU_canopy",1922,11,0.899
"LITU_canopy",1923,13,0.922
"LITU_canopy",1924,14,0.931
"LITU_canopy",1925,17,0.953
"LITU_canopy",1926,18,0.958
"LITU_canopy",1927,19,0.964
"LITU_canopy",1928,19,0.964
"LITU_canopy",1929,20,0.969
"LITU_canopy",1930,21,0.973
"LITU_canopy",1931,21,0.973
"LITU_canopy",1932,21,0.973
"LITU_canopy",1933,22,0.977
"LITU_canopy",1934,22,0.977
"LITU_canopy",1935,22,0.977
"LITU_canopy",1936,24,0.984
"LITU_canopy",1937,24,0.984
"LITU_canopy",1938,24,0.984
"LITU_canopy",1939,25,0.987
"LITU_canopy",1940,25,0.987
"LITU_canopy",1941,25,0.987
"LITU_canopy",1942,25,0.987
"LITU_canopy",1943,26,0.99
"LITU_canopy",1944,26,0.99
"LITU_canopy",1945,26,0.99
"LITU_canopy",1946,26,0.99
"LITU_canopy",1947,27,0.993
"LITU_canopy",1948,28,0.995
"LITU_canopy",1949,29,0.998
"LITU_canopy",1950,30,1
"LITU_canopy",1951,30,1
"LITU_canopy",1952,30,1
"LITU_canopy",1953,32,1
"LITU_canopy",1954,33,1
"LITU_canopy",1955,34,1
"LITU_canopy",1956,34,1
"LITU_canopy",1957,35,1
"LITU_canopy",1958,35,1
"LITU_canopy",1959,35,1
"LITU_canopy",1960,36,1
"LITU_canopy",1961,36,1
"LITU_canopy",1962,36,1
"LITU_canopy",1963,36,1
"LITU_canopy",1964,36,1
"LITU_canopy",1965,36,1
"LITU_canopy",1966,36,1
"LITU_canopy",1967,36,1
"LITU_canopy",1968,36,1
"LITU_canopy",1969,36,1
"LITU_canopy",1970,37,1
"LITU_canopy",1971,37,1
"LITU_canopy",1972,37,1
"LITU_canopy",1973,37,1
"LITU_canopy",1974,37,1
"LITU_canopy",1975,37,1
"LITU_canopy",1976,37,1
"LITU_canopy",1977,37,1
"LITU_canopy",1978,37,1
"LITU_canopy",1979,37,1
"LITU_canopy",1980,37,1
"LITU_canopy",1981,37,1
"LITU_canopy",1982,37,1
"LITU_canopy",1983,37,1
"LITU_canopy",1984,37,1
"LITU_canopy",1985,37,1
"LITU_canopy",1986,37,1
"LITU_canopy",1987,37,1
"LITU_canopy",1988,37,1
"LITU_canopy",1989,37,1
"LITU_canopy",1990,37,1
"LITU_canopy",1991,37,1
"LITU_canopy",1992,37,1
"LITU_canopy",1993,37,1
"LITU_canopy",1994,37,1
"LITU_canopy",1995,37,1
"LITU_canopy",1996,37,1
"LITU_canopy",1997,37,1
"LITU_canopy",1998,37,1
"LITU_canopy",1999,37,1
"LITU_canopy",2000,37,1
"LITU_canopy",2001,37,1
"LITU_canopy",2002,37,1
"LITU_canopy",2003,37,1
"LITU_canopy",2004,37,1
"LITU_canopy",2005,37,1
"LITU_canopy",2006,36,1
"LITU_canopy",2007,36,1
"LITU_canopy",2008,36,1
"LITU_canopy",2009,35,1
"LITU_canopy",2010,1,0.347
"LITU_canopy",2011,1,0.347
"LITU_canopy",2012,1,0.347
"LITU_canopy",2013,1,0.347
"LITU_canopy",2014,1,0.347
"LITU_canopy",2015,1,0.347
"PIST_canopy",1935,1,0.374
"PIST_canopy",1936,2,0.577
"PIST_canopy",1937,2,0.577
"PIST_canopy",1938,4,0.793
"PIST_canopy",1939,5,0.857
"PIST_canopy",1940,6,0.905
"PIST_canopy",1941,6,0.905
"PIST_canopy",1942,6,0.905
"PIST_canopy",1943,6,0.905
"PIST_canopy",1944,6,0.905
"PIST_canopy",1945,7,0.944
"PIST_canopy",1946,7,0.944
"PIST_canopy",1947,7,0.944
"PIST_canopy",1948,8,0.974
"PIST_canopy",1949,8,0.974
"PIST_canopy",1950,9,1
"PIST_canopy",1951,9,1
"PIST_canopy",1952,10,1
"PIST_canopy",1953,11,1
"PIST_canopy",1954,11,1
"PIST_canopy",1955,12,1
"PIST_canopy",1956,12,1
"PIST_canopy",1957,12,1
"PIST_canopy",1958,12,1
"PIST_canopy",1959,12,1
"PIST_canopy",1960,12,1
"PIST_canopy",1961,12,1
"PIST_canopy",1962,13,1
"PIST_canopy",1963,13,1
"PIST_canopy",1964,13,1
"PIST_canopy",1965,13,1
"PIST_canopy",1966,13,1
"PIST_canopy",1967,13,1
"PIST_canopy",1968,13,1
"PIST_canopy",1969,13,1
"PIST_canopy",1970,13,1
"PIST_canopy",1971,13,1
"PIST_canopy",1972,13,1
"PIST_canopy",1973,13,1
"PIST_canopy",1974,13,1
"PIST_canopy",1975,13,1
"PIST_canopy",1976,13,1
"PIST_canopy",1977,13,1
"PIST_canopy",1978,13,1
"PIST_canopy",1979,13,1
"PIST_canopy",1980,14,1
"PIST_canopy",1981,14,1
"PIST_canopy",1982,14,1
"PIST_canopy",1983,14,1
"PIST_canopy",1984,14,1
"PIST_canopy",1985,14,1
"PIST_canopy",1986,14,1
"PIST_canopy",1987,14,1
"PIST_canopy",1988,14,1
"PIST_canopy",1989,14,1
"PIST_canopy",1990,14,1
"PIST_canopy",1991,14,1
"PIST_canopy",1992,14,1
"PIST_canopy",1993,14,1
"PIST_canopy",1994,14,1
"PIST_canopy",1995,14,1
"PIST_canopy",1996,14,1
"PIST_canopy",1997,14,1
"PIST_canopy",1998,14,1
"PIST_canopy",1999,14,1
"PIST_canopy",2000,14,1
"PIST_canopy",2001,14,1
"PIST_canopy",2002,14,1
"PIST_canopy",2003,14,1
"PIST_canopy",2004,14,1
"PIST_canopy",2005,14,1
"PIST_canopy",2006,13,1
"PIST_canopy",2007,13,1
"PIST_canopy",2008,13,1
"PIST_canopy",2009,13,1
"QUAL_canopy",1792,1,0.311
"QUAL_canopy",1793,1,0.311
"QUAL_canopy",1794,1,0.311
"QUAL_canopy",1795,1,0.311
"QUAL_canopy",1796,1,0.311
"QUAL_canopy",1797,1,0.311
"QUAL_canopy",1798,1,0.311
"QUAL_canopy",1799,1,0.311
"QUAL_canopy",1800,1,0.311
"QUAL_canopy",1801,1,0.311
"QUAL_canopy",1802,1,0.311
"QUAL_canopy",1803,1,0.311
"QUAL_canopy",1804,1,0.311
"QUAL_canopy",1805,1,0.311
"QUAL_canopy",1806,2,0.482
"QUAL_canopy",1807,2,0.482
"QUAL_canopy",1808,2,0.482
"QUAL_canopy",1809,2,0.482
"QUAL_canopy",1810,2,0.482
"QUAL_canopy",1811,2,0.482
"QUAL_canopy",1812,2,0.482
"QUAL_canopy",1813,2,0.482
"QUAL_canopy",1814,2,0.482
"QUAL_canopy",1815,2,0.482
"QUAL_canopy",1816,2,0.482
"QUAL_canopy",1817,2,0.482
"QUAL_canopy",1818,2,0.482
"QUAL_canopy",1819,2,0.482
"QUAL_canopy",1820,2,0.482
"QUAL_canopy",1821,2,0.482
"QUAL_canopy",1822,2,0.482
"QUAL_canopy",1823,2,0.482
"QUAL_canopy",1824,2,0.482
"QUAL_canopy",1825,2,0.482
"QUAL_canopy",1826,2,0.482
"QUAL_canopy",1827,2,0.482
"QUAL_canopy",1828,2,0.482
"QUAL_canopy",1829,2,0.482
"QUAL_canopy",1830,2,0.482
"QUAL_canopy",1831,2,0.482
"QUAL_canopy",1832,2,0.482
"QUAL_canopy",1833,2,0.482
"QUAL_canopy",1834,2,0.482
"QUAL_canopy",1835,2,0.482
"QUAL_canopy",1836,2,0.482
"QUAL_canopy",1837,2,0.482
"QUAL_canopy",1838,2,0.482
"QUAL_canopy",1839,2,0.482
"QUAL_canopy",1840,2,0.482
"QUAL_canopy",1841,2,0.482
"QUAL_canopy",1842,2,0.482
"QUAL_canopy",1843,2,0.482
"QUAL_canopy",1844,2,0.482
"QUAL_canopy",1845,2,0.482
"QUAL_canopy",1846,2,0.482
"QUAL_canopy",1847,2,0.482
"QUAL_canopy",1848,2,0.482
"QUAL_canopy",1849,2,0.482
"QUAL_canopy",1850,2,0.482
"QUAL_canopy",1851,2,0.482
"QUAL_canopy",1852,2,0.482
"QUAL_canopy",1853,2,0.482
"QUAL_canopy",1854,2,0.482
"QUAL_canopy",1855,2,0.482
"QUAL_canopy",1856,2,0.482
"QUAL_canopy",1857,2,0.482
"QUAL_canopy",1858,2,0.482
"QUAL_canopy",1859,2,0.482
"QUAL_canopy",1860,3,0.59
"QUAL_canopy",1861,3,0.59
"QUAL_canopy",1862,3,0.59
"QUAL_canopy",1863,3,0.59
"QUAL_canopy",1864,3,0.59
"QUAL_canopy",1865,3,0.59
"QUAL_canopy",1866,4,0.664
"QUAL_canopy",1867,4,0.664
"QUAL_canopy",1868,6,0.76
"QUAL_canopy",1869,6,0.76
"QUAL_canopy",1870,6,0.76
"QUAL_canopy",1871,9,0.841
"QUAL_canopy",1872,9,0.841
"QUAL_canopy",1873,9,0.841
"QUAL_canopy",1874,10,0.859
"QUAL_canopy",1875,11,0.874
"QUAL_canopy",1876,11,0.874
"QUAL_canopy",1877,12,0.888
"QUAL_canopy",1878,14,0.91
"QUAL_canopy",1879,14,0.91
"QUAL_canopy",1880,15,0.919
"QUAL_canopy",1881,16,0.927
"QUAL_canopy",1882,18,0.941
"QUAL_canopy",1883,18,0.941
"QUAL_canopy",1884,18,0.941
"QUAL_canopy",1885,19,0.947
"QUAL_canopy",1886,20,0.952
"QUAL_canopy",1887,21,0.957
"QUAL_canopy",1888,21,0.957
"QUAL_canopy",1889,21,0.957
"QUAL_canopy",1890,21,0.957
"QUAL_canopy",1891,22,0.961
"QUAL_canopy",1892,22,0.961
"QUAL_canopy",1893,23,0.966
"QUAL_canopy",1894,23,0.966
"QUAL_canopy",1895,27,0.979
"QUAL_canopy",1896,28,0.982
"QUAL_canopy",1897,30,0.988
"QUAL_canopy",1898,31,0.99
"QUAL_canopy",1899,31,0.99
"QUAL_canopy",1900,31,0.99
"QUAL_canopy",1901,32,0.992
"QUAL_canopy",1902,32,0.992
"QUAL_canopy",1903,32,0.992
"QUAL_canopy",1904,32,0.992
"QUAL_canopy",1905,32,0.992
"QUAL_canopy",1906,32,0.992
"QUAL_canopy",1907,32,0.992
"QUAL_canopy",1908,32,0.992
"QUAL_canopy",1909,32,0.992
"QUAL_canopy",1910,32,0.992
"QUAL_canopy",1911,32,0.992
"QUAL_canopy",1912,32,0.992
"QUAL_canopy",1913,32,0.992
"QUAL_canopy",1914,32,0.992
"QUAL_canopy",1915,32,0.992
"QUAL_canopy",1916,32,0.992
"QUAL_canopy",1917,32,0.992
"QUAL_canopy",1918,32,0.992
"QUAL_canopy",1919,32,0.992
"QUAL_canopy",1920,32,0.992
"QUAL_canopy",1921,32,0.992
"QUAL_canopy",1922,32,0.992
"QUAL_canopy",1923,33,0.994
"QUAL_canopy",1924,33,0.994
"QUAL_canopy",1925,34,0.996
"QUAL_canopy",1926,34,0.996
"QUAL_canopy",1927,34,0.996
"QUAL_canopy",1928,34,0.996
"QUAL_canopy",1929,34,0.996
"QUAL_canopy",1930,34,0.996
"QUAL_canopy",1931,34,0.996
"QUAL_canopy",1932,35,0.998
"QUAL_canopy",1933,36,1
"QUAL_canopy",1934,36,1
"QUAL_canopy",1935,36,1
"QUAL_canopy",1936,36,1
"QUAL_canopy",1937,36,1
"QUAL_canopy",1938,36,1
"QUAL_canopy",1939,36,1
"QUAL_canopy",1940,36,1
"QUAL_canopy",1941,36,1
"QUAL_canopy",1942,36,1
"QUAL_canopy",1943,36,1
"QUAL_canopy",1944,36,1
"QUAL_canopy",1945,36,1
"QUAL_canopy",1946,36,1
"QUAL_canopy",1947,36,1
"QUAL_canopy",1948,36,1
"QUAL_canopy",1949,36,1
"QUAL_canopy",1950,36,1
"QUAL_canopy",1951,36,1
"QUAL_canopy",1952,36,1
"QUAL_canopy",1953,36,1
"QUAL_canopy",1954,36,1
"QUAL_canopy",1955,36,1
"QUAL_canopy",1956,36,1
"QUAL_canopy",1957,36,1
"QUAL_canopy",1958,36,1
"QUAL_canopy",1959,36,1
"QUAL_canopy",1960,36,1
"QUAL_canopy",1961,36,1
"QUAL_canopy",1962,36,1
"QUAL_canopy",1963,36,1
"QUAL_canopy",1964,36,1
"QUAL_canopy",1965,36,1
"QUAL_canopy",1966,36,1
"QUAL_canopy",1967,36,1
"QUAL_canopy",1968,36,1
"QUAL_canopy",1969,37,1
"QUAL_canopy",1970,37,1
"QUAL_canopy",1971,37,1
"QUAL_canopy",1972,37,1
"QUAL_canopy",1973,37,1
"QUAL_canopy",1974,37,1
"QUAL_canopy",1975,37,1
"QUAL_canopy",1976,37,1
"QUAL_canopy",1977,37,1
"QUAL_canopy",1978,37,1
"QUAL_canopy",1979,37,1
"QUAL_canopy",1980,37,1
"QUAL_canopy",1981,37,1
"QUAL_canopy",1982,37,1
"QUAL_canopy",1983,37,1
"QUAL_canopy",1984,37,1
"QUAL_canopy",1985,37,1
"QUAL_canopy",1986,37,1
"QUAL_canopy",1987,37,1
"QUAL_canopy",1988,37,1
"QUAL_canopy",1989,37,1
"QUAL_canopy",1990,37,1
"QUAL_canopy",1991,37,1
"QUAL_canopy",1992,37,1
"QUAL_canopy",1993,37,1
"QUAL_canopy",1994,37,1
"QUAL_canopy",1995,37,1
"QUAL_canopy",1996,37,1
"QUAL_canopy",1997,37,1
"QUAL_canopy",1998,37,1
"QUAL_canopy",1999,37,1
"QUAL_canopy",2000,37,1
"QUAL_canopy",2001,37,1
"QUAL_canopy",2002,37,1
"QUAL_canopy",2003,37,1
"QUAL_canopy",2004,37,1
"QUAL_canopy",2005,37,1
"QUAL_canopy",2006,37,1
"QUAL_canopy",2007,37,1
"QUAL_canopy",2008,37,1
"QUAL_canopy",2009,36,1
"QUAL_canopy",2010,1,0.311
"QUAL_canopy",2011,1,0.311
"QUAL_canopy",2012,1,0.311
"QUAL_canopy",2013,1,0.311
"QUAL_canopy",2014,1,0.311
"QUAL_canopy",2015,1,0.311
"QUPR_canopy",1777,1,0.291
"QUPR_canopy",1778,1,0.291
"QUPR_canopy",1779,1,0.291
"QUPR_canopy",1780,1,0.291
"QUPR_canopy",1781,1,0.291
"QUPR_canopy",1782,1,0.291
"QUPR_canopy",1783,1,0.291
"QUPR_canopy",1784,1,0.291
"QUPR_canopy",1785,1,0.291
"QUPR_canopy",1786,1,0.291
"QUPR_canopy",1787,1,0.291
"QUPR_canopy",1788,1,0.291
"QUPR_canopy",1789,1,0.291
"QUPR_canopy",1790,1,0.291
"QUPR_canopy",1791,1,0.291
"QUPR_canopy",1792,1,0.291
"QUPR_canopy",1793,1,0.291
"QUPR_canopy",1794,1,0.291
"QUPR_canopy",1795,1,0.291
"QUPR_canopy",1796,1,0.291
"QUPR_canopy",1797,1,0.291
"QUPR_canopy",1798,1,0.291
"QUPR_canopy",1799,1,0.291
"QUPR_canopy",1800,1,0.291
"QUPR_canopy",1801,1,0.291
"QUPR_canopy",1802,1,0.291
"QUPR_canopy",1803,1,0.291
"QUPR_canopy",1804,1,0.291
"QUPR_canopy",1805,1,0.291
"QUPR_canopy",1806,1,0.291
"QUPR_canopy",1807,1,0.291
"QUPR_canopy",1808,1,0.291
"QUPR_canopy",1809,1,0.291
"QUPR_canopy",1810,1,0.291
"QUPR_canopy",1811,1,0.291
"QUPR_canopy",1812,1,0.291
"QUPR_canopy",1813,1,0.291
"QUPR_canopy",1814,1,0.291
"QUPR_canopy",1815,1,0.291
"QUPR_canopy",1816,1,0.291
"QUPR_canopy",1817,1,0.291
"QUPR_canopy",1818,1,0.291
"QUPR_canopy",1819,1,0.291
"QUPR_canopy",1820,1,0.291
"QUPR_canopy",1821,1,0.291
"QUPR_canopy",1822,1,0.291
"QUPR_canopy",1823,1,0.291
"QUPR_canopy",1824,1,0.291
"QUPR_canopy",1825,1,0.291
"QUPR_canopy",1826,1,0.291
"QUPR_canopy",1827,1,0.291
"QUPR_canopy",1828,1,0.291
"QUPR_canopy",1829,1,0.291
"QUPR_canopy",1830,2,0.462
"QUPR_canopy",1831,2,0.462
"QUPR_canopy",1832,2,0.462
"QUPR_canopy",1833,2,0.462
"QUPR_canopy",1834,2,0.462
"QUPR_canopy",1835,2,0.462
"QUPR_canopy",1836,2,0.462
"QUPR_canopy",1837,2,0.462
"QUPR_canopy",1838,2,0.462
"QUPR_canopy",1839,2,0.462
"QUPR_canopy",1840,2,0.462
"QUPR_canopy",1841,2,0.462
"QUPR_canopy",1842,2,0.462
"QUPR_canopy",1843,2,0.462
"QUPR_canopy",1844,2,0.462
"QUPR_canopy",1845,2,0.462
"QUPR_canopy",1846,2,0.462
"QUPR_canopy",1847,2,0.462
"QUPR_canopy",1848,3,0.574
"QUPR_canopy",1849,3,0.574
"QUPR_canopy",1850,3,0.574
"QUPR_canopy",1851,3,0.574
"QUPR_canopy",1852,3,0.574
"QUPR_canopy",1853,3,0.574
"QUPR_canopy",1854,3,0.574
"QUPR_canopy",1855,3,0.574
"QUPR_canopy",1856,3,0.574
"QUPR_canopy",1857,3,0.574
"QUPR_canopy",1858,3,0.574
"QUPR_canopy",1859,3,0.574
"QUPR_canopy",1860,3,0.574
"QUPR_canopy",1861,3,0.574
"QUPR_canopy",1862,3,0.574
"QUPR_canopy",1863,3,0.574
"QUPR_canopy",1864,3,0.574
"QUPR_canopy",1865,3,0.574
"QUPR_canopy",1866,3,0.574
"QUPR_canopy",1867,3,0.574
"QUPR_canopy",1868,3,0.574
"QUPR_canopy",1869,3,0.574
"QUPR_canopy",1870,4,0.654
"QUPR_canopy",1871,4,0.654
"QUPR_canopy",1872,4,0.654
"QUPR_canopy",1873,4,0.654
"QUPR_canopy",1874,4,0.654
"QUPR_canopy",1875,4,0.654
"QUPR_canopy",1876,4,0.654
"QUPR_canopy",1877,5,0.713
"QUPR_canopy",1878,5,0.713
"QUPR_canopy",1879,5,0.713
"QUPR_canopy",1880,5,0.713
"QUPR_canopy",1881,6,0.759
"QUPR_canopy",1882,7,0.795
"QUPR_canopy",1883,7,0.795
"QUPR_canopy",1884,7,0.795
"QUPR_canopy",1885,7,0.795
"QUPR_canopy",1886,7,0.795
"QUPR_canopy",1887,7,0.795
"QUPR_canopy",1888,7,0.795
"QUPR_canopy",1889,7,0.795
"QUPR_canopy",1890,8,0.825
"QUPR_canopy",1891,8,0.825
"QUPR_canopy",1892,8,0.825
"QUPR_canopy",1893,9,0.85
"QUPR_canopy",1894,9,0.85
"QUPR_canopy",1895,9,0.85
"QUPR_canopy",1896,9,0.85
"QUPR_canopy",1897,9,0.85
"QUPR_canopy",1898,10,0.871
"QUPR_canopy",1899,11,0.889
"QUPR_canopy",1900,12,0.904
"QUPR_canopy",1901,12,0.904
"QUPR_canopy",1902,12,0.904
"QUPR_canopy",1903,13,0.918
"QUPR_canopy",1904,14,0.93
"QUPR_canopy",1905,14,0.93
"QUPR_canopy",1906,14,0.93
"QUPR_canopy",1907,14,0.93
"QUPR_canopy",1908,14,0.93
"QUPR_canopy",1909,14,0.93
"QUPR_canopy",1910,14,0.93
"QUPR_canopy",1911,14,0.93
"QUPR_canopy",1912,14,0.93
"QUPR_canopy",1913,14,0.93
"QUPR_canopy",1914,14,0.93
"QUPR_canopy",1915,14,0.93
"QUPR_canopy",1916,15,0.94
"QUPR_canopy",1917,15,0.94
"QUPR_canopy",1918,15,0.94
"QUPR_canopy",1919,15,0.94
"QUPR_canopy",1920,15,0.94
"QUPR_canopy",1921,15,0.94
"QUPR_canopy",1922,16,0.95
"QUPR_canopy",1923,16,0.95
"QUPR_canopy",1924,16,0.95
"QUPR_canopy",1925,17,0.958
"QUPR_canopy",1926,17,0.958
"QUPR_canopy",1927,17,0.958
"QUPR_canopy",1928,17,0.958
"QUPR_canopy",1929,17,0.958
"QUPR_canopy",1930,19,0.973
"QUPR_canopy",1931,19,0.973
"QUPR_canopy",1932,19,0.973
"QUPR_canopy",1933,20,0.979
"QUPR_canopy",1934,21,0.985
"QUPR_canopy",1935,21,0.985
"QUPR_canopy",1936,21,0.985
"QUPR_canopy",1937,21,0.985
"QUPR_canopy",1938,22,0.99
"QUPR_canopy",1939,23,0.995
"QUPR_canopy",1940,23,0.995
"QUPR_canopy",1941,23,0.995
"QUPR_canopy",1942,23,0.995
"QUPR_canopy",1943,24,1
"QUPR_canopy",1944,24,1
"QUPR_canopy",1945,24,1
"QUPR_canopy",1946,24,1
"QUPR_canopy",1947,24,1
"QUPR_canopy",1948,24,1
"QUPR_canopy",1949,24,1
"QUPR_canopy",1950,24,1
"QUPR_canopy",1951,24,1
"QUPR_canopy",1952,25,1
"QUPR_canopy",1953,26,1
"QUPR_canopy",1954,26,1
"QUPR_canopy",1955,27,1
"QUPR_canopy",1956,27,1
"QUPR_canopy",1957,27,1
"QUPR_canopy",1958,27,1
"QUPR_canopy",1959,27,1
"QUPR_canopy",1960,27,1
"QUPR_canopy",1961,27,1
"QUPR_canopy",1962,27,1
"QUPR_canopy",1963,27,1
"QUPR_canopy",1964,27,1
"QUPR_canopy",1965,27,1
"QUPR_canopy",1966,27,1
"QUPR_canopy",1967,27,1
"QUPR_canopy",1968,27,1
"QUPR_canopy",1969,27,1
"QUPR_canopy",1970,27,1
"QUPR_canopy",1971,27,1
"QUPR_canopy",1972,27,1
"QUPR_canopy",1973,27,1
"QUPR_canopy",1974,27,1
"QUPR_canopy",1975,27,1
"QUPR_canopy",1976,27,1
"QUPR_canopy",1977,27,1
"QUPR_canopy",1978,27,1
"QUPR_canopy",1979,27,1
"QUPR_canopy",1980,27,1
"QUPR_canopy",1981,27,1
"QUPR_canopy",1982,27,1
"QUPR_canopy",1983,27,1
"QUPR_canopy",1984,27,1
"QUPR_canopy",1985,27,1
"QUPR_canopy",1986,27,1
"QUPR_canopy",1987,27,1
"QUPR_canopy",1988,27,1
"QUPR_canopy",1989,27,1
"QUPR_canopy",1990,27,1
"QUPR_canopy",1991,27,1
"QUPR_canopy",1992,27,1
"QUPR_canopy",1993,27,1
"QUPR_canopy",1994,27,1
"QUPR_canopy",1995,27,1
"QUPR_canopy",1996,27,1
"QUPR_canopy",1997,27,1
"QUPR_canopy",1998,27,1
"QUPR_canopy",1999,27,1
"QUPR_canopy",2000,27,1
"QUPR_canopy",2001,27,1
"QUPR_canopy",2002,27,1
"QUPR_canopy",2003,27,1
"QUPR_canopy",2004,27,1
"QUPR_canopy",2005,27,1
"QUPR_canopy",2006,27,1
"QUPR_canopy",2007,27,1
"QUPR_canopy",2008,27,1
"QUPR_canopy",2009,27,1
"QUPR_canopy",2010,1,0.291
"QUPR_canopy",2011,1,0.291
"QUPR_canopy",2012,1,0.291
"QUPR_canopy",2013,1,0.291
"QUPR_canopy",2014,1,0.291
"QUPR_canopy",2015,1,0.291
"QURU_canopy",1877,1,0.397
"QURU_canopy",1878,1,0.397
"QURU_canopy",1879,1,0.397
"QURU_canopy",1880,1,0.397
"QURU_canopy",1881,1,0.397
"QURU_canopy",1882,1,0.397
"QURU_canopy",1883,1,0.397
"QURU_canopy",1884,1,0.397
"QURU_canopy",1885,2,0.575
"QURU_canopy",1886,4,0.742
"QURU_canopy",1887,4,0.742
"QURU_canopy",1888,4,0.742
"QURU_canopy",1889,4,0.742
"QURU_canopy",1890,4,0.742
"QURU_canopy",1891,4,0.742
"QURU_canopy",1892,4,0.742
"QURU_canopy",1893,4,0.742
"QURU_canopy",1894,5,0.788
"QURU_canopy",1895,5,0.788
"QURU_canopy",1896,5,0.788
"QURU_canopy",1897,5,0.788
"QURU_canopy",1898,5,0.788
"QURU_canopy",1899,5,0.788
"QURU_canopy",1900,5,0.788
"QURU_canopy",1901,5,0.788
"QURU_canopy",1902,6,0.822
"QURU_canopy",1903,7,0.848
"QURU_canopy",1904,9,0.885
"QURU_canopy",1905,9,0.885
"QURU_canopy",1906,9,0.885
"QURU_canopy",1907,9,0.885
"QURU_canopy",1908,9,0.885
"QURU_canopy",1909,9,0.885
"QURU_canopy",1910,10,0.899
"QURU_canopy",1911,10,0.899
"QURU_canopy",1912,10,0.899
"QURU_canopy",1913,10,0.899
"QURU_canopy",1914,11,0.91
"QURU_canopy",1915,11,0.91
"QURU_canopy",1916,11,0.91
"QURU_canopy",1917,14,0.936
"QURU_canopy",1918,14,0.936
"QURU_canopy",1919,14,0.936
"QURU_canopy",1920,14,0.936
"QURU_canopy",1921,14,0.936
"QURU_canopy",1922,17,0.954
"QURU_canopy",1923,18,0.958
"QURU_canopy",1924,18,0.958
"QURU_canopy",1925,19,0.963
"QURU_canopy",1926,21,0.97
"QURU_canopy",1927,24,0.979
"QURU_canopy",1928,24,0.979
"QURU_canopy",1929,25,0.981
"QURU_canopy",1930,26,0.984
"QURU_canopy",1931,26,0.984
"QURU_canopy",1932,26,0.984
"QURU_canopy",1933,28,0.988
"QURU_canopy",1934,29,0.99
"QURU_canopy",1935,30,0.991
"QURU_canopy",1936,30,0.991
"QURU_canopy",1937,30,0.991
"QURU_canopy",1938,30,0.991
"QURU_canopy",1939,30,0.991
"QURU_canopy",1940,30,0.991
"QURU_canopy",1941,30,0.991
"QURU_canopy",1942,33,0.996
"QURU_canopy",1943,35,0.999
"QURU_canopy",1944,35,0.999
"QURU_canopy",1945,35,0.999
"QURU_canopy",1946,36,1
"QURU_canopy",1947,36,1
"QURU_canopy",1948,36,1
"QURU_canopy",1949,36,1
"QURU_canopy",1950,36,1
"QURU_canopy",1951,36,1
"QURU_canopy",1952,36,1
"QURU_canopy",1953,37,1
"QURU_canopy",1954,37,1
"QURU_canopy",1955,37,1
"QURU_canopy",1956,37,1
"QURU_canopy",1957,37,1
"QURU_canopy",1958,37,1
"QURU_canopy",1959,37,1
"QURU_canopy",1960,39,1
"QURU_canopy",1961,40,1
"QURU_canopy",1962,40,1
"QURU_canopy",1963,41,1
"QURU_canopy",1964,42,1
"QURU_canopy",1965,43,1
"QURU_canopy",1966,43,1
"QURU_canopy",1967,43,1
"QURU_canopy",1968,43,1
"QURU_canopy",1969,43,1
"QURU_canopy",1970,43,1
"QURU_canopy",1971,43,1
"QURU_canopy",1972,43,1
"QURU_canopy",1973,43,1
"QURU_canopy",1974,43,1
"QURU_canopy",1975,43,1
"QURU_canopy",1976,43,1
"QURU_canopy",1977,43,1
"QURU_canopy",1978,43,1
"QURU_canopy",1979,43,1
"QURU_canopy",1980,43,1
"QURU_canopy",1981,43,1
"QURU_canopy",1982,43,1
"QURU_canopy",1983,43,1
"QURU_canopy",1984,43,1
"QURU_canopy",1985,43,1
"QURU_canopy",1986,43,1
"QURU_canopy",1987,43,1
"QURU_canopy",1988,43,1
"QURU_canopy",1989,43,1
"QURU_canopy",1990,43,1
"QURU_canopy",1991,43,1
"QURU_canopy",1992,43,1
"QURU_canopy",1993,43,1
"QURU_canopy",1994,43,1
"QURU_canopy",1995,43,1
"QURU_canopy",1996,43,1
"QURU_canopy",1997,43,1
"QURU_canopy",1998,43,1
"QURU_canopy",1999,43,1
"QURU_canopy",2000,43,1
"QURU_canopy",2001,43,1
"QURU_canopy",2002,43,1
"QURU_canopy",2003,43,1
"QURU_canopy",2004,43,1
"QURU_canopy",2005,43,1
"QURU_canopy",2006,43,1
"QURU_canopy",2007,43,1
"QURU_canopy",2008,43,1
"QURU_canopy",2009,43,1
"QURU_canopy",2010,6,0.822
"QURU_canopy",2011,6,0.822
"QURU_canopy",2012,6,0.822
"QURU_canopy",2013,6,0.822
"QURU_canopy",2014,6,0.822
"QURU_canopy",2015,6,0.822
"QURU_canopy",2016,4,0.742
"QURU_canopy",2017,1,0.397
"QUVE_canopy",1824,1,0.406
"QUVE_canopy",1825,1,0.406
"QUVE_canopy",1826,1,0.406
"QUVE_canopy",1827,1,0.406
"QUVE_canopy",1828,1,0.406
"QUVE_canopy",1829,1,0.406
"QUVE_canopy",1830,1,0.406
"QUVE_canopy",1831,1,0.406
"QUVE_canopy",1832,1,0.406
"QUVE_canopy",1833,1,0.406
"QUVE_canopy",1834,1,0.406
"QUVE_canopy",1835,1,0.406
"QUVE_canopy",1836,1,0.406
"QUVE_canopy",1837,1,0.406
"QUVE_canopy",1838,1,0.406
"QUVE_canopy",1839,1,0.406
"QUVE_canopy",1840,1,0.406
"QUVE_canopy",1841,1,0.406
"QUVE_canopy",1842,1,0.406
"QUVE_canopy",1843,1,0.406
"QUVE_canopy",1844,1,0.406
"QUVE_canopy",1845,1,0.406
"QUVE_canopy",1846,1,0.406
"QUVE_canopy",1847,1,0.406
"QUVE_canopy",1848,1,0.406
"QUVE_canopy",1849,1,0.406
"QUVE_canopy",1850,1,0.406
"QUVE_canopy",1851,1,0.406
"QUVE_canopy",1852,1,0.406
"QUVE_canopy",1853,1,0.406
"QUVE_canopy",1854,1,0.406
"QUVE_canopy",1855,1,0.406
"QUVE_canopy",1856,1,0.406
"QUVE_canopy",1857,1,0.406
"QUVE_canopy",1858,1,0.406
"QUVE_canopy",1859,1,0.406
"QUVE_canopy",1860,1,0.406
"QUVE_canopy",1861,1,0.406
"QUVE_canopy",1862,1,0.406
"QUVE_canopy",1863,1,0.406
"QUVE_canopy",1864,1,0.406
"QUVE_canopy",1865,1,0.406
"QUVE_canopy",1866,1,0.406
"QUVE_canopy",1867,1,0.406
"QUVE_canopy",1868,1,0.406
"QUVE_canopy",1869,1,0.406
"QUVE_canopy",1870,1,0.406
"QUVE_canopy",1871,1,0.406
"QUVE_canopy",1872,1,0.406
"QUVE_canopy",1873,1,0.406
"QUVE_canopy",1874,1,0.406
"QUVE_canopy",1875,1,0.406
"QUVE_canopy",1876,1,0.406
"QUVE_canopy",1877,1,0.406
"QUVE_canopy",1878,1,0.406
"QUVE_canopy",1879,1,0.406
"QUVE_canopy",1880,1,0.406
"QUVE_canopy",1881,1,0.406
"QUVE_canopy",1882,1,0.406
"QUVE_canopy",1883,1,0.406
"QUVE_canopy",1884,1,0.406
"QUVE_canopy",1885,1,0.406
"QUVE_canopy",1886,1,0.406
"QUVE_canopy",1887,1,0.406
"QUVE_canopy",1888,1,0.406
"QUVE_canopy",1889,2,0.582
"QUVE_canopy",1890,2,0.582
"QUVE_canopy",1891,2,0.582
"QUVE_canopy",1892,2,0.582
"QUVE_canopy",1893,2,0.582
"QUVE_canopy",1894,2,0.582
"QUVE_canopy",1895,3,0.681
"QUVE_canopy",1896,4,0.744
"QUVE_canopy",1897,4,0.744
"QUVE_canopy",1898,4,0.744
"QUVE_canopy",1899,4,0.744
"QUVE_canopy",1900,4,0.744
"QUVE_canopy",1901,4,0.744
"QUVE_canopy",1902,4,0.744
"QUVE_canopy",1903,5,0.787
"QUVE_canopy",1904,6,0.82
"QUVE_canopy",1905,7,0.844
"QUVE_canopy",1906,7,0.844
"QUVE_canopy",1907,7,0.844
"QUVE_canopy",1908,7,0.844
"QUVE_canopy",1909,9,0.879
"QUVE_canopy",1910,9,0.879
"QUVE_canopy",1911,9,0.879
"QUVE_canopy",1912,11,0.903
"QUVE_canopy",1913,13,0.921
"QUVE_canopy",1914,14,0.928
"QUVE_canopy",1915,14,0.928
"QUVE_canopy",1916,16,0.939
"QUVE_canopy",1917,18,0.949
"QUVE_canopy",1918,20,0.956
"QUVE_canopy",1919,21,0.959
"QUVE_canopy",1920,22,0.962
"QUVE_canopy",1921,23,0.965
"QUVE_canopy",1922,24,0.968
"QUVE_canopy",1923,27,0.974
"QUVE_canopy",1924,28,0.976
"QUVE_canopy",1925,32,0.982
"QUVE_canopy",1926,33,0.984
"QUVE_canopy",1927,34,0.985
"QUVE_canopy",1928,34,0.985
"QUVE_canopy",1929,34,0.985
"QUVE_canopy",1930,37,0.988
"QUVE_canopy",1931,38,0.99
"QUVE_canopy",1932,39,0.991
"QUVE_canopy",1933,40,0.991
"QUVE_canopy",1934,40,0.991
"QUVE_canopy",1935,41,0.992
"QUVE_canopy",1936,41,0.992
"QUVE_canopy",1937,42,0.993
"QUVE_canopy",1938,42,0.993
"QUVE_canopy",1939,46,0.996
"QUVE_canopy",1940,46,0.996
"QUVE_canopy",1941,46,0.996
"QUVE_canopy",1942,47,0.997
"QUVE_canopy",1943,48,0.998
"QUVE_canopy",1944,49,0.998
"QUVE_canopy",1945,49,0.998
"QUVE_canopy",1946,49,0.998
"QUVE_canopy",1947,49,0.998
"QUVE_canopy",1948,50,0.999
"QUVE_canopy",1949,51,0.999
"QUVE_canopy",1950,52,1
"QUVE_canopy",1951,52,1
"QUVE_canopy",1952,52,1
"QUVE_canopy",1953,52,1
"QUVE_canopy",1954,52,1
"QUVE_canopy",1955,52,1
"QUVE_canopy",1956,52,1
"QUVE_canopy",1957,52,1
"QUVE_canopy",1958,53,1
"QUVE_canopy",1959,53,1
"QUVE_canopy",1960,53,1
"QUVE_canopy",1961,53,1
"QUVE_canopy",1962,53,1
"QUVE_canopy",1963,53,1
"QUVE_canopy",1964,53,1
"QUVE_canopy",1965,53,1
"QUVE_canopy",1966,53,1
"QUVE_canopy",1967,53,1
"QUVE_canopy",1968,54,1
"QUVE_canopy",1969,54,1
"QUVE_canopy",1970,54,1
"QUVE_canopy",1971,54,1
"QUVE_canopy",1972,54,1
"QUVE_canopy",1973,54,1
"QUVE_canopy",1974,54,1
"QUVE_canopy",1975,54,1
"QUVE_canopy",1976,54,1
"QUVE_canopy",1977,54,1
"QUVE_canopy",1978,54,1
"QUVE_canopy",1979,54,1
"QUVE_canopy",1980,54,1
"QUVE_canopy",1981,54,1
"QUVE_canopy",1982,54,1
"QUVE_canopy",1983,54,1
"QUVE_canopy",1984,54,1
"QUVE_canopy",1985,54,1
"QUVE_canopy",1986,54,1
"QUVE_canopy",1987,54,1
"QUVE_canopy",1988,54,1
"QUVE_canopy",1989,54,1
"QUVE_canopy",1990,54,1
"QUVE_canopy",1991,54,1
"QUVE_canopy",1992,54,1
"QUVE_canopy",1993,54,1
"QUVE_canopy",1994,54,1
"QUVE_canopy",1995,54,1
"QUVE_canopy",1996,54,1
"QUVE_canopy",1997,54,1
"QUVE_canopy",1998,54,1
"QUVE_canopy",1999,54,1
"QUVE_canopy",2000,54,1
"QUVE_canopy",2001,54,1
"QUVE_canopy",2002,54,1
"QUVE_canopy",2003,54,1
"QUVE_canopy",2004,54,1
"QUVE_canopy",2005,54,1
"QUVE_canopy",2006,54,1
"QUVE_canopy",2007,54,1
"QUVE_canopy",2008,54,1
"QUVE_canopy",2009,54,1
"QUVE_canopy",2010,7,0.844
"QUVE_canopy",2011,7,0.844
"QUVE_canopy",2012,7,0.844
"QUVE_canopy",2013,7,0.844
"QUVE_canopy",2014,6,0.82
"QUVE_canopy",2015,5,0.787
"QUVE_canopy",2016,2,0.582
"QUVE_canopy",2017,2,0.582
