"Climate_data","variable","month","ANPP_response"
"CRU_SCBI_1901_2014","cld","curr.apr",-0.0870524363013124
"CRU_SCBI_1901_2014","cld","curr.aug",-0.0523087611342162
"CRU_SCBI_1901_2014","cld","curr.feb",-0.0231439948778473
"CRU_SCBI_1901_2014","cld","curr.jan",-0.0072543158690816
"CRU_SCBI_1901_2014","cld","curr.jul",0.168752524697394
"CRU_SCBI_1901_2014","cld","curr.jun",0.181484506274118
"CRU_SCBI_1901_2014","cld","curr.mar",0.0954028651305616
"CRU_SCBI_1901_2014","cld","curr.may",0.198949076610775
"CRU_SCBI_1901_2014","cld","prev.apr",0.102894033607741
"CRU_SCBI_1901_2014","cld","prev.aug",0.107458574915474
"CRU_SCBI_1901_2014","cld","prev.dec",0.0720742918934276
"CRU_SCBI_1901_2014","cld","prev.jul",-0.163331333746503
"CRU_SCBI_1901_2014","cld","prev.jun",-0.101038306413131
"CRU_SCBI_1901_2014","cld","prev.may",-0.258124244445112
"CRU_SCBI_1901_2014","cld","prev.nov",0.198950613123874
"CRU_SCBI_1901_2014","cld","prev.oct",0.0276262551418807
"CRU_SCBI_1901_2014","cld","prev.sep",0.0133112107342413
"CRU_SCBI_1901_2014","drt","curr.apr",0.164971795189022
"CRU_SCBI_1901_2014","drt","curr.aug",-0.101909943847895
"CRU_SCBI_1901_2014","drt","curr.feb",-0.0108096435143273
"CRU_SCBI_1901_2014","drt","curr.jan",0.0960429979291534
"CRU_SCBI_1901_2014","drt","curr.jul",-0.113356432498138
"CRU_SCBI_1901_2014","drt","curr.jun",-0.0220196003176451
"CRU_SCBI_1901_2014","drt","curr.mar",-0.103082204587751
"CRU_SCBI_1901_2014","drt","curr.may",-0.0618166041137851
"CRU_SCBI_1901_2014","drt","prev.apr",6.15554896094255e-06
"CRU_SCBI_1901_2014","drt","prev.aug",0.00553762432845679
"CRU_SCBI_1901_2014","drt","prev.dec",-0.167663515244708
"CRU_SCBI_1901_2014","drt","prev.jul",0.0641892986041066
"CRU_SCBI_1901_2014","drt","prev.jun",0.0400396560153022
"CRU_SCBI_1901_2014","drt","prev.may",0.162830627458864
"CRU_SCBI_1901_2014","drt","prev.nov",-0.0828411328632516
"CRU_SCBI_1901_2014","drt","prev.oct",-0.0503554707240415
"CRU_SCBI_1901_2014","drt","prev.sep",-0.13165590035846
"CRU_SCBI_1901_2014","frs","curr.apr",-0.0981453860996292
"CRU_SCBI_1901_2014","frs","curr.feb",0.0388208537947051
"CRU_SCBI_1901_2014","frs","curr.jan",0.0166646752899026
"CRU_SCBI_1901_2014","frs","curr.mar",-0.0609218395114074
"CRU_SCBI_1901_2014","frs","curr.may",0.0245811631528264
"CRU_SCBI_1901_2014","frs","prev.dec",-0.0846293922988391
"CRU_SCBI_1901_2014","frs","prev.nov",-3.15919506233952e-06
"CRU_SCBI_1901_2014","frs","prev.oct",-0.099109055773232
"CRU_SCBI_1901_2014","pet","curr.apr",0.137932757364262
"CRU_SCBI_1901_2014","pet","curr.aug",-0.06362945434002
"CRU_SCBI_1901_2014","pet","curr.feb",-0.020998910922709
"CRU_SCBI_1901_2014","pet","curr.jan",0.00321957266759917
"CRU_SCBI_1901_2014","pet","curr.jul",-0.155593660909718
"CRU_SCBI_1901_2014","pet","curr.jun",-0.0586684513062078
"CRU_SCBI_1901_2014","pet","curr.mar",-0.0574376147591227
"CRU_SCBI_1901_2014","pet","curr.may",-0.194031423013144
"CRU_SCBI_1901_2014","pet","prev.apr",-0.0545355595605454
"CRU_SCBI_1901_2014","pet","prev.aug",-0.0551368937983442
"CRU_SCBI_1901_2014","pet","prev.dec",0.058679469773322
"CRU_SCBI_1901_2014","pet","prev.jul",0.132325747286499
"CRU_SCBI_1901_2014","pet","prev.jun",0.0886597302133727
"CRU_SCBI_1901_2014","pet","prev.may",0.182465759631638
"CRU_SCBI_1901_2014","pet","prev.nov",-0.151157798861097
"CRU_SCBI_1901_2014","pet","prev.oct",0.0408903841119797
"CRU_SCBI_1901_2014","pet","prev.sep",-0.107916339873741
"CRU_SCBI_1901_2014","pet_sum","curr.apr",0.134674417263249
"CRU_SCBI_1901_2014","pet_sum","curr.aug",-0.0620998892399889
"CRU_SCBI_1901_2014","pet_sum","curr.feb",-0.0102426758666111
"CRU_SCBI_1901_2014","pet_sum","curr.jan",-0.00303238245810528
"CRU_SCBI_1901_2014","pet_sum","curr.jul",-0.161355535831012
"CRU_SCBI_1901_2014","pet_sum","curr.jun",-0.0571786893035839
"CRU_SCBI_1901_2014","pet_sum","curr.mar",-0.0570927279465937
"CRU_SCBI_1901_2014","pet_sum","curr.may",-0.19573939933554
"CRU_SCBI_1901_2014","pet_sum","prev.apr",-0.0514929474702759
"CRU_SCBI_1901_2014","pet_sum","prev.aug",-0.0535953495958533
"CRU_SCBI_1901_2014","pet_sum","prev.dec",0.062722818645494
"CRU_SCBI_1901_2014","pet_sum","prev.jul",0.136766315920437
"CRU_SCBI_1901_2014","pet_sum","prev.jun",0.0876495247596825
"CRU_SCBI_1901_2014","pet_sum","prev.may",0.184800459329639
"CRU_SCBI_1901_2014","pet_sum","prev.nov",-0.15255844123567
"CRU_SCBI_1901_2014","pet_sum","prev.oct",0.0416285651835964
"CRU_SCBI_1901_2014","pet_sum","prev.sep",-0.115235157152875
"CRU_SCBI_1901_2014","pre","curr.apr",0.100135684435802
"CRU_SCBI_1901_2014","pre","curr.aug",0.183108153877571
"CRU_SCBI_1901_2014","pre","curr.feb",0.0167996540787402
"CRU_SCBI_1901_2014","pre","curr.jan",-0.150800045531454
"CRU_SCBI_1901_2014","pre","curr.jul",0.224019964179801
"CRU_SCBI_1901_2014","pre","curr.jun",0.233012620734448
"CRU_SCBI_1901_2014","pre","curr.mar",-7.68266216250903e-06
"CRU_SCBI_1901_2014","pre","curr.may",0.202774168907363
"CRU_SCBI_1901_2014","pre","prev.apr",-0.0207061544814583
"CRU_SCBI_1901_2014","pre","prev.aug",0.161033246228006
"CRU_SCBI_1901_2014","pre","prev.dec",0.0368916387176454
"CRU_SCBI_1901_2014","pre","prev.jul",-0.202740379493329
"CRU_SCBI_1901_2014","pre","prev.jun",-0.0698718917903398
"CRU_SCBI_1901_2014","pre","prev.may",-0.198783422950916
"CRU_SCBI_1901_2014","pre","prev.nov",0.0597060786028843
"CRU_SCBI_1901_2014","pre","prev.oct",-0.0811412691086061
"CRU_SCBI_1901_2014","pre","prev.sep",0.0893843665083582
"CRU_SCBI_1901_2014","tmn","curr.apr",0.11304925167314
"CRU_SCBI_1901_2014","tmn","curr.aug",0.00205500978377987
"CRU_SCBI_1901_2014","tmn","curr.feb",-0.0338329844976741
"CRU_SCBI_1901_2014","tmn","curr.jan",-0.00805374594206788
"CRU_SCBI_1901_2014","tmn","curr.jul",-0.00708353074117294
"CRU_SCBI_1901_2014","tmn","curr.jun",-0.0808886448889897
"CRU_SCBI_1901_2014","tmn","curr.mar",0.0601400123266698
"CRU_SCBI_1901_2014","tmn","curr.may",-0.204689440764782
"CRU_SCBI_1901_2014","tmn","prev.apr",0.00138604409196499
"CRU_SCBI_1901_2014","tmn","prev.aug",0.102097131736361
"CRU_SCBI_1901_2014","tmn","prev.dec",0.081533093080376
"CRU_SCBI_1901_2014","tmn","prev.jul",0.0515278321037315
"CRU_SCBI_1901_2014","tmn","prev.jun",0.0398697141469428
"CRU_SCBI_1901_2014","tmn","prev.may",-0.00410069148856183
"CRU_SCBI_1901_2014","tmn","prev.nov",0.0106790969108495
"CRU_SCBI_1901_2014","tmn","prev.oct",0.0457610021185659
"CRU_SCBI_1901_2014","tmn","prev.sep",-0.00641414156180763
"CRU_SCBI_1901_2014","tmp","curr.apr",0.170121168306932
"CRU_SCBI_1901_2014","tmp","curr.aug",-0.047326644995133
"CRU_SCBI_1901_2014","tmp","curr.feb",-0.0430244380124596
"CRU_SCBI_1901_2014","tmp","curr.jan",0.0402518058035879
"CRU_SCBI_1901_2014","tmp","curr.jul",-0.0862690743574088
"CRU_SCBI_1901_2014","tmp","curr.jun",-0.119811377745424
"CRU_SCBI_1901_2014","tmp","curr.mar",0.00662580642842699
"CRU_SCBI_1901_2014","tmp","curr.may",-0.197764775027717
"CRU_SCBI_1901_2014","tmp","prev.apr",0.0249411829580011
"CRU_SCBI_1901_2014","tmp","prev.aug",0.0934164253479441
"CRU_SCBI_1901_2014","tmp","prev.dec",0.0220929825740054
"CRU_SCBI_1901_2014","tmp","prev.jul",0.0590261338864201
"CRU_SCBI_1901_2014","tmp","prev.jun",0.0775756846213025
"CRU_SCBI_1901_2014","tmp","prev.may",0.0473960895184819
"CRU_SCBI_1901_2014","tmp","prev.nov",-0.038615216093841
"CRU_SCBI_1901_2014","tmp","prev.oct",-0.00137252839142465
"CRU_SCBI_1901_2014","tmp","prev.sep",-0.0495757673606475
"CRU_SCBI_1901_2014","tmx","curr.apr",0.170456214391116
"CRU_SCBI_1901_2014","tmx","curr.aug",-0.0745321018159644
"CRU_SCBI_1901_2014","tmx","curr.feb",-0.0363643851316869
"CRU_SCBI_1901_2014","tmx","curr.jan",0.055813194107245
"CRU_SCBI_1901_2014","tmx","curr.jul",-0.11725588629154
"CRU_SCBI_1901_2014","tmx","curr.jun",-0.0596540035426356
"CRU_SCBI_1901_2014","tmx","curr.mar",-0.0418886907993091
"CRU_SCBI_1901_2014","tmx","curr.may",-0.175523317586598
"CRU_SCBI_1901_2014","tmx","prev.apr",0.0128078887373687
"CRU_SCBI_1901_2014","tmx","prev.aug",0.0419761627732345
"CRU_SCBI_1901_2014","tmx","prev.dec",-0.0178636031852907
"CRU_SCBI_1901_2014","tmx","prev.jul",0.0502024704348934
"CRU_SCBI_1901_2014","tmx","prev.jun",0.106702414918315
"CRU_SCBI_1901_2014","tmx","prev.may",0.0896852592660209
"CRU_SCBI_1901_2014","tmx","prev.nov",-0.0895590501051599
"CRU_SCBI_1901_2014","tmx","prev.oct",-0.0186064615699712
"CRU_SCBI_1901_2014","tmx","prev.sep",-0.0888132103687319
"CRU_SCBI_1901_2014","vap","curr.apr",0.0833997007199412
"CRU_SCBI_1901_2014","vap","curr.aug",0.0450079783624944
"CRU_SCBI_1901_2014","vap","curr.feb",-0.0129918175047232
"CRU_SCBI_1901_2014","vap","curr.jan",0.00610206305761197
"CRU_SCBI_1901_2014","vap","curr.jul",0.0741364587084256
"CRU_SCBI_1901_2014","vap","curr.jun",-0.0760323718483977
"CRU_SCBI_1901_2014","vap","curr.mar",0.100370018706227
"CRU_SCBI_1901_2014","vap","curr.may",-0.169959469443227
"CRU_SCBI_1901_2014","vap","prev.apr",0.0107963593379832
"CRU_SCBI_1901_2014","vap","prev.aug",0.122285240007346
"CRU_SCBI_1901_2014","vap","prev.dec",0.0274573792535886
"CRU_SCBI_1901_2014","vap","prev.jul",-0.0290965210996728
"CRU_SCBI_1901_2014","vap","prev.jun",0.0470473784106521
"CRU_SCBI_1901_2014","vap","prev.may",0.041159161738516
"CRU_SCBI_1901_2014","vap","prev.nov",0.0725118280826054
"CRU_SCBI_1901_2014","vap","prev.oct",0.0532218980813219
"CRU_SCBI_1901_2014","vap","prev.sep",0.0653324355438414
"CRU_SCBI_1901_2014","wet","curr.apr",-0.00275825594276702
"CRU_SCBI_1901_2014","wet","curr.aug",0.0605515834924365
"CRU_SCBI_1901_2014","wet","curr.feb",0.00228297270028428
"CRU_SCBI_1901_2014","wet","curr.jan",-0.17477580564997
"CRU_SCBI_1901_2014","wet","curr.jul",0.184384187152851
"CRU_SCBI_1901_2014","wet","curr.jun",0.165960351551996
"CRU_SCBI_1901_2014","wet","curr.mar",0.0818901732091164
"CRU_SCBI_1901_2014","wet","curr.may",0.260422235028731
"CRU_SCBI_1901_2014","wet","prev.apr",-0.04815799121811
"CRU_SCBI_1901_2014","wet","prev.aug",0.0872344454645882
"CRU_SCBI_1901_2014","wet","prev.dec",-0.00558338434659941
"CRU_SCBI_1901_2014","wet","prev.jul",-0.0710473603234846
"CRU_SCBI_1901_2014","wet","prev.jun",-0.0384772259330757
"CRU_SCBI_1901_2014","wet","prev.may",-0.121807984892701
"CRU_SCBI_1901_2014","wet","prev.nov",0.129942202298491
"CRU_SCBI_1901_2014","wet","prev.oct",-0.00842096709032896
"CRU_SCBI_1901_2014","wet","prev.sep",0.00973258133103558
"NOAA_PDSI_Northern_Virginia_1895_2017","PCP","curr.apr",0.0767044336119297
"NOAA_PDSI_Northern_Virginia_1895_2017","PCP","curr.aug",0.162453386476372
"NOAA_PDSI_Northern_Virginia_1895_2017","PCP","curr.feb",0.0325544690173225
"NOAA_PDSI_Northern_Virginia_1895_2017","PCP","curr.jan",-0.170167738143899
"NOAA_PDSI_Northern_Virginia_1895_2017","PCP","curr.jul",0.242075947023812
"NOAA_PDSI_Northern_Virginia_1895_2017","PCP","curr.jun",0.190916284811529
"NOAA_PDSI_Northern_Virginia_1895_2017","PCP","curr.mar",0.0136052801160052
"NOAA_PDSI_Northern_Virginia_1895_2017","PCP","curr.may",0.276167913835794
"NOAA_PDSI_Northern_Virginia_1895_2017","PCP","prev.apr",-0.052202260157563
"NOAA_PDSI_Northern_Virginia_1895_2017","PCP","prev.aug",0.142111788934849
"NOAA_PDSI_Northern_Virginia_1895_2017","PCP","prev.dec",0.0808457520872781
"NOAA_PDSI_Northern_Virginia_1895_2017","PCP","prev.jul",-0.0397077793516946
"NOAA_PDSI_Northern_Virginia_1895_2017","PCP","prev.jun",-0.0720579805890467
"NOAA_PDSI_Northern_Virginia_1895_2017","PCP","prev.may",-0.236745362612547
"NOAA_PDSI_Northern_Virginia_1895_2017","PCP","prev.nov",0.0967322019891444
"NOAA_PDSI_Northern_Virginia_1895_2017","PCP","prev.oct",-0.081849518937383
"NOAA_PDSI_Northern_Virginia_1895_2017","PCP","prev.sep",0.128377282482038
"NOAA_PDSI_Northern_Virginia_1895_2017","PDSI","curr.apr",-0.052278057775062
"NOAA_PDSI_Northern_Virginia_1895_2017","PDSI","curr.aug",0.127127559286533
"NOAA_PDSI_Northern_Virginia_1895_2017","PDSI","curr.feb",-0.0560281573278929
"NOAA_PDSI_Northern_Virginia_1895_2017","PDSI","curr.jan",-0.0285495032768205
"NOAA_PDSI_Northern_Virginia_1895_2017","PDSI","curr.jul",0.197150695412034
"NOAA_PDSI_Northern_Virginia_1895_2017","PDSI","curr.jun",0.177452038820484
"NOAA_PDSI_Northern_Virginia_1895_2017","PDSI","curr.mar",-0.0734586716908178
"NOAA_PDSI_Northern_Virginia_1895_2017","PDSI","curr.may",0.116773477700598
"NOAA_PDSI_Northern_Virginia_1895_2017","PDSI","prev.apr",0.0186377545366721
"NOAA_PDSI_Northern_Virginia_1895_2017","PDSI","prev.aug",0.0632983810039689
"NOAA_PDSI_Northern_Virginia_1895_2017","PDSI","prev.dec",-0.0104321075996791
"NOAA_PDSI_Northern_Virginia_1895_2017","PDSI","prev.jul",-0.0540991655531502
"NOAA_PDSI_Northern_Virginia_1895_2017","PDSI","prev.jun",-0.200043656812894
"NOAA_PDSI_Northern_Virginia_1895_2017","PDSI","prev.may",-0.120567108684279
"NOAA_PDSI_Northern_Virginia_1895_2017","PDSI","prev.nov",-0.0407031232446713
"NOAA_PDSI_Northern_Virginia_1895_2017","PDSI","prev.oct",0.0163159448505868
"NOAA_PDSI_Northern_Virginia_1895_2017","PDSI","prev.sep",0.215304090274305
"NOAA_PDSI_Northern_Virginia_1895_2017","PDSI_prewhiten","curr.apr",0.102964266525392
"NOAA_PDSI_Northern_Virginia_1895_2017","PDSI_prewhiten","curr.aug",0.147430206804114
"NOAA_PDSI_Northern_Virginia_1895_2017","PDSI_prewhiten","curr.feb",0.0623807632885526
"NOAA_PDSI_Northern_Virginia_1895_2017","PDSI_prewhiten","curr.jan",-0.00227001402786956
"NOAA_PDSI_Northern_Virginia_1895_2017","PDSI_prewhiten","curr.jul",0.190154677311022
"NOAA_PDSI_Northern_Virginia_1895_2017","PDSI_prewhiten","curr.jun",0.184203005990899
"NOAA_PDSI_Northern_Virginia_1895_2017","PDSI_prewhiten","curr.mar",0.128232151115409
"NOAA_PDSI_Northern_Virginia_1895_2017","PDSI_prewhiten","curr.may",0.200565061504867
"NOAA_PDSI_Northern_Virginia_1895_2017","PDSI_prewhiten","prev.apr",-0.0537573572958931
"NOAA_PDSI_Northern_Virginia_1895_2017","PDSI_prewhiten","prev.aug",0.112581987264337
"NOAA_PDSI_Northern_Virginia_1895_2017","PDSI_prewhiten","prev.dec",-0.0203701703182286
"NOAA_PDSI_Northern_Virginia_1895_2017","PDSI_prewhiten","prev.jul",0.145140134493684
"NOAA_PDSI_Northern_Virginia_1895_2017","PDSI_prewhiten","prev.jun",-0.0493933703780349
"NOAA_PDSI_Northern_Virginia_1895_2017","PDSI_prewhiten","prev.may",-0.210363416582517
"NOAA_PDSI_Northern_Virginia_1895_2017","PDSI_prewhiten","prev.nov",0.0220465144612877
"NOAA_PDSI_Northern_Virginia_1895_2017","PDSI_prewhiten","prev.oct",-0.00477566408087246
"NOAA_PDSI_Northern_Virginia_1895_2017","PDSI_prewhiten","prev.sep",0.159209345987444
"NOAA_PDSI_Northern_Virginia_1895_2017","PHDI","curr.apr",-0.221434566511237
"NOAA_PDSI_Northern_Virginia_1895_2017","PHDI","curr.aug",0.357899953431911
"NOAA_PDSI_Northern_Virginia_1895_2017","PHDI","curr.feb",0.00600363434305766
"NOAA_PDSI_Northern_Virginia_1895_2017","PHDI","curr.jan",0.000369950776395901
"NOAA_PDSI_Northern_Virginia_1895_2017","PHDI","curr.jul",0.272548019851978
"NOAA_PDSI_Northern_Virginia_1895_2017","PHDI","curr.jun",0.104100024819961
"NOAA_PDSI_Northern_Virginia_1895_2017","PHDI","curr.mar",-0.0793700486461874
"NOAA_PDSI_Northern_Virginia_1895_2017","PHDI","curr.may",-0.0558795003770749
"NOAA_PDSI_Northern_Virginia_1895_2017","PHDI","prev.apr",0.158755948071468
"NOAA_PDSI_Northern_Virginia_1895_2017","PHDI","prev.aug",-0.024055743135201
"NOAA_PDSI_Northern_Virginia_1895_2017","PHDI","prev.dec",0.0195685674028082
"NOAA_PDSI_Northern_Virginia_1895_2017","PHDI","prev.jul",-0.233336908523574
"NOAA_PDSI_Northern_Virginia_1895_2017","PHDI","prev.jun",-0.223309298183917
"NOAA_PDSI_Northern_Virginia_1895_2017","PHDI","prev.may",-0.0179254491698238
"NOAA_PDSI_Northern_Virginia_1895_2017","PHDI","prev.nov",0.0296828932881745
"NOAA_PDSI_Northern_Virginia_1895_2017","PHDI","prev.oct",0.0892996298669361
"NOAA_PDSI_Northern_Virginia_1895_2017","PHDI","prev.sep",0.0856708421621736
"NOAA_PDSI_Northern_Virginia_1895_2017","PHDI_prewhiten","curr.apr",0.0843048383380672
"NOAA_PDSI_Northern_Virginia_1895_2017","PHDI_prewhiten","curr.aug",0.248325214565405
"NOAA_PDSI_Northern_Virginia_1895_2017","PHDI_prewhiten","curr.feb",0.0910789932619158
"NOAA_PDSI_Northern_Virginia_1895_2017","PHDI_prewhiten","curr.jan",-0.0339880839641667
"NOAA_PDSI_Northern_Virginia_1895_2017","PHDI_prewhiten","curr.jul",0.215146704240039
"NOAA_PDSI_Northern_Virginia_1895_2017","PHDI_prewhiten","curr.jun",0.200346321595727
"NOAA_PDSI_Northern_Virginia_1895_2017","PHDI_prewhiten","curr.mar",-0.0637591433313922
"NOAA_PDSI_Northern_Virginia_1895_2017","PHDI_prewhiten","curr.may",0.236621054508226
"NOAA_PDSI_Northern_Virginia_1895_2017","PHDI_prewhiten","prev.apr",0.0660441257395121
"NOAA_PDSI_Northern_Virginia_1895_2017","PHDI_prewhiten","prev.aug",0.133809144391115
"NOAA_PDSI_Northern_Virginia_1895_2017","PHDI_prewhiten","prev.dec",0.0716114640790387
"NOAA_PDSI_Northern_Virginia_1895_2017","PHDI_prewhiten","prev.jul",-0.0511617059512895
"NOAA_PDSI_Northern_Virginia_1895_2017","PHDI_prewhiten","prev.jun",-0.0595698805113885
"NOAA_PDSI_Northern_Virginia_1895_2017","PHDI_prewhiten","prev.may",-0.199365754670164
"NOAA_PDSI_Northern_Virginia_1895_2017","PHDI_prewhiten","prev.nov",0.0643484585479584
"NOAA_PDSI_Northern_Virginia_1895_2017","PHDI_prewhiten","prev.oct",-0.0823490842437084
"NOAA_PDSI_Northern_Virginia_1895_2017","PHDI_prewhiten","prev.sep",0.151724440025807
"NOAA_PDSI_Northern_Virginia_1895_2017","PMDI","curr.apr",-0.0983710317227685
"NOAA_PDSI_Northern_Virginia_1895_2017","PMDI","curr.aug",0.226892406430617
"NOAA_PDSI_Northern_Virginia_1895_2017","PMDI","curr.feb",-0.0267608821552258
"NOAA_PDSI_Northern_Virginia_1895_2017","PMDI","curr.jan",-0.0327270159226224
"NOAA_PDSI_Northern_Virginia_1895_2017","PMDI","curr.jul",0.268527158639112
"NOAA_PDSI_Northern_Virginia_1895_2017","PMDI","curr.jun",0.139605998927568
"NOAA_PDSI_Northern_Virginia_1895_2017","PMDI","curr.mar",-0.0907117000388294
"NOAA_PDSI_Northern_Virginia_1895_2017","PMDI","curr.may",0.0435134833374535
"NOAA_PDSI_Northern_Virginia_1895_2017","PMDI","prev.apr",0.113894353800135
"NOAA_PDSI_Northern_Virginia_1895_2017","PMDI","prev.aug",0.0164152107767623
"NOAA_PDSI_Northern_Virginia_1895_2017","PMDI","prev.dec",0.00353065869920228
"NOAA_PDSI_Northern_Virginia_1895_2017","PMDI","prev.jul",-0.206410724737315
"NOAA_PDSI_Northern_Virginia_1895_2017","PMDI","prev.jun",-0.206016276602273
"NOAA_PDSI_Northern_Virginia_1895_2017","PMDI","prev.may",-0.0692741347082743
"NOAA_PDSI_Northern_Virginia_1895_2017","PMDI","prev.nov",0.0163106084378056
"NOAA_PDSI_Northern_Virginia_1895_2017","PMDI","prev.oct",0.0887405422167121
"NOAA_PDSI_Northern_Virginia_1895_2017","PMDI","prev.sep",0.145090505248208
"NOAA_PDSI_Northern_Virginia_1895_2017","PMDI_prewhiten","curr.apr",0.0418876989074776
"NOAA_PDSI_Northern_Virginia_1895_2017","PMDI_prewhiten","curr.aug",0.124706295213013
"NOAA_PDSI_Northern_Virginia_1895_2017","PMDI_prewhiten","curr.feb",0.104161682578271
"NOAA_PDSI_Northern_Virginia_1895_2017","PMDI_prewhiten","curr.jan",-0.125793375001397
"NOAA_PDSI_Northern_Virginia_1895_2017","PMDI_prewhiten","curr.jul",0.225376632834427
"NOAA_PDSI_Northern_Virginia_1895_2017","PMDI_prewhiten","curr.jun",0.19194918039839
"NOAA_PDSI_Northern_Virginia_1895_2017","PMDI_prewhiten","curr.mar",0.0181513883453228
"NOAA_PDSI_Northern_Virginia_1895_2017","PMDI_prewhiten","curr.may",0.275452633667327
"NOAA_PDSI_Northern_Virginia_1895_2017","PMDI_prewhiten","prev.apr",-0.010057358923295
"NOAA_PDSI_Northern_Virginia_1895_2017","PMDI_prewhiten","prev.aug",0.115936660531559
"NOAA_PDSI_Northern_Virginia_1895_2017","PMDI_prewhiten","prev.dec",0.13308297553789
"NOAA_PDSI_Northern_Virginia_1895_2017","PMDI_prewhiten","prev.jul",-0.0462742049132871
"NOAA_PDSI_Northern_Virginia_1895_2017","PMDI_prewhiten","prev.jun",-0.0731540502774854
"NOAA_PDSI_Northern_Virginia_1895_2017","PMDI_prewhiten","prev.may",-0.202658787163067
"NOAA_PDSI_Northern_Virginia_1895_2017","PMDI_prewhiten","prev.nov",0.0853402204712795
"NOAA_PDSI_Northern_Virginia_1895_2017","PMDI_prewhiten","prev.oct",-0.0850377918286506
"NOAA_PDSI_Northern_Virginia_1895_2017","PMDI_prewhiten","prev.sep",0.111740822657865
"NOAA_PDSI_Northern_Virginia_1895_2017","SP01","curr.apr",0.0645936778706706
"NOAA_PDSI_Northern_Virginia_1895_2017","SP01","curr.aug",0.163531030526977
"NOAA_PDSI_Northern_Virginia_1895_2017","SP01","curr.feb",0.0313136140389005
"NOAA_PDSI_Northern_Virginia_1895_2017","SP01","curr.jan",-0.204906430386706
"NOAA_PDSI_Northern_Virginia_1895_2017","SP01","curr.jul",0.222740056204443
"NOAA_PDSI_Northern_Virginia_1895_2017","SP01","curr.jun",0.220296858730028
"NOAA_PDSI_Northern_Virginia_1895_2017","SP01","curr.mar",0.0168236807141653
"NOAA_PDSI_Northern_Virginia_1895_2017","SP01","curr.may",0.28017231526901
"NOAA_PDSI_Northern_Virginia_1895_2017","SP01","prev.apr",-0.0435627486284099
"NOAA_PDSI_Northern_Virginia_1895_2017","SP01","prev.aug",0.115894194117499
"NOAA_PDSI_Northern_Virginia_1895_2017","SP01","prev.dec",0.0534518966472298
"NOAA_PDSI_Northern_Virginia_1895_2017","SP01","prev.jul",-0.0386299500106321
"NOAA_PDSI_Northern_Virginia_1895_2017","SP01","prev.jun",-0.0681003923848851
"NOAA_PDSI_Northern_Virginia_1895_2017","SP01","prev.may",-0.258786677821037
"NOAA_PDSI_Northern_Virginia_1895_2017","SP01","prev.nov",0.128045844979172
"NOAA_PDSI_Northern_Virginia_1895_2017","SP01","prev.oct",-0.0361219318871577
"NOAA_PDSI_Northern_Virginia_1895_2017","SP01","prev.sep",0.140275512380142
"NOAA_PDSI_Northern_Virginia_1895_2017","SP02","curr.apr",0.0114427282147289
"NOAA_PDSI_Northern_Virginia_1895_2017","SP02","curr.aug",0.248420307936272
"NOAA_PDSI_Northern_Virginia_1895_2017","SP02","curr.feb",-0.143704244485458
"NOAA_PDSI_Northern_Virginia_1895_2017","SP02","curr.jan",-0.153520558861978
"NOAA_PDSI_Northern_Virginia_1895_2017","SP02","curr.jul",0.171671244426029
"NOAA_PDSI_Northern_Virginia_1895_2017","SP02","curr.jun",0.211126429454876
"NOAA_PDSI_Northern_Virginia_1895_2017","SP02","curr.mar",0.125659140094395
"NOAA_PDSI_Northern_Virginia_1895_2017","SP02","curr.may",0.188019661226337
"NOAA_PDSI_Northern_Virginia_1895_2017","SP02","prev.apr",-0.0470785895225931
"NOAA_PDSI_Northern_Virginia_1895_2017","SP02","prev.aug",0.0366453304980981
"NOAA_PDSI_Northern_Virginia_1895_2017","SP02","prev.dec",0.187388839291919
"NOAA_PDSI_Northern_Virginia_1895_2017","SP02","prev.jul",-0.0689306973936467
"NOAA_PDSI_Northern_Virginia_1895_2017","SP02","prev.jun",-0.181738286141945
"NOAA_PDSI_Northern_Virginia_1895_2017","SP02","prev.may",-0.134949890024319
"NOAA_PDSI_Northern_Virginia_1895_2017","SP02","prev.nov",-0.0176320942572984
"NOAA_PDSI_Northern_Virginia_1895_2017","SP02","prev.oct",0.0112339782583509
"NOAA_PDSI_Northern_Virginia_1895_2017","SP02","prev.sep",0.19505666951171
"NOAA_PDSI_Northern_Virginia_1895_2017","SP03","curr.apr",0.00708377298033955
"NOAA_PDSI_Northern_Virginia_1895_2017","SP03","curr.aug",0.322475038442813
"NOAA_PDSI_Northern_Virginia_1895_2017","SP03","curr.feb",-0.141078758645271
"NOAA_PDSI_Northern_Virginia_1895_2017","SP03","curr.jan",0.0587603710021881
"NOAA_PDSI_Northern_Virginia_1895_2017","SP03","curr.jul",0.19527220031334
"NOAA_PDSI_Northern_Virginia_1895_2017","SP03","curr.jun",0.00725171963544771
"NOAA_PDSI_Northern_Virginia_1895_2017","SP03","curr.mar",-0.0296822519885453
"NOAA_PDSI_Northern_Virginia_1895_2017","SP03","curr.may",0.228460128829346
"NOAA_PDSI_Northern_Virginia_1895_2017","SP03","prev.apr",0.0834688334896201
"NOAA_PDSI_Northern_Virginia_1895_2017","SP03","prev.aug",0.0783722017493669
"NOAA_PDSI_Northern_Virginia_1895_2017","SP03","prev.dec",0.000923781091429877
"NOAA_PDSI_Northern_Virginia_1895_2017","SP03","prev.jul",-0.198546847973978
"NOAA_PDSI_Northern_Virginia_1895_2017","SP03","prev.jun",-0.109637351336201
"NOAA_PDSI_Northern_Virginia_1895_2017","SP03","prev.may",-0.180138920154115
"NOAA_PDSI_Northern_Virginia_1895_2017","SP03","prev.nov",0.0421292087668963
"NOAA_PDSI_Northern_Virginia_1895_2017","SP03","prev.oct",0.0386332196359232
"NOAA_PDSI_Northern_Virginia_1895_2017","SP03","prev.sep",0.139666058827713
"NOAA_PDSI_Northern_Virginia_1895_2017","SP06","curr.apr",-0.0537795396711952
"NOAA_PDSI_Northern_Virginia_1895_2017","SP06","curr.aug",0.390109255300185
"NOAA_PDSI_Northern_Virginia_1895_2017","SP06","curr.feb",-0.0716214334974749
"NOAA_PDSI_Northern_Virginia_1895_2017","SP06","curr.jan",0.0783860055655425
"NOAA_PDSI_Northern_Virginia_1895_2017","SP06","curr.jul",0.201488007612852
"NOAA_PDSI_Northern_Virginia_1895_2017","SP06","curr.jun",-0.0342839514840787
"NOAA_PDSI_Northern_Virginia_1895_2017","SP06","curr.mar",-0.172975798870191
"NOAA_PDSI_Northern_Virginia_1895_2017","SP06","curr.may",-0.00973111066070364
"NOAA_PDSI_Northern_Virginia_1895_2017","SP06","prev.apr",0.121763048242621
"NOAA_PDSI_Northern_Virginia_1895_2017","SP06","prev.aug",-0.0412527760179793
"NOAA_PDSI_Northern_Virginia_1895_2017","SP06","prev.dec",0.176459219601089
"NOAA_PDSI_Northern_Virginia_1895_2017","SP06","prev.jul",-0.165870332567836
"NOAA_PDSI_Northern_Virginia_1895_2017","SP06","prev.jun",-0.175659715515038
"NOAA_PDSI_Northern_Virginia_1895_2017","SP06","prev.may",-0.0835019346515925
"NOAA_PDSI_Northern_Virginia_1895_2017","SP06","prev.nov",0.107173474662672
"NOAA_PDSI_Northern_Virginia_1895_2017","SP06","prev.oct",-0.043634764605281
"NOAA_PDSI_Northern_Virginia_1895_2017","SP06","prev.sep",0.0564435210835541
"NOAA_PDSI_Northern_Virginia_1895_2017","SP09","curr.apr",-0.0810868231463065
"NOAA_PDSI_Northern_Virginia_1895_2017","SP09","curr.aug",0.352838232636052
"NOAA_PDSI_Northern_Virginia_1895_2017","SP09","curr.feb",-0.00291959438122869
"NOAA_PDSI_Northern_Virginia_1895_2017","SP09","curr.jan",0.0402887982438024
"NOAA_PDSI_Northern_Virginia_1895_2017","SP09","curr.jul",0.200735466127531
"NOAA_PDSI_Northern_Virginia_1895_2017","SP09","curr.jun",-0.132403983338496
"NOAA_PDSI_Northern_Virginia_1895_2017","SP09","curr.mar",0.025183242374853
"NOAA_PDSI_Northern_Virginia_1895_2017","SP09","curr.may",-0.0983105374755519
"NOAA_PDSI_Northern_Virginia_1895_2017","SP09","prev.apr",0.00409601421077858
"NOAA_PDSI_Northern_Virginia_1895_2017","SP09","prev.aug",-0.0550380957152182
"NOAA_PDSI_Northern_Virginia_1895_2017","SP09","prev.dec",0.111802296846453
"NOAA_PDSI_Northern_Virginia_1895_2017","SP09","prev.jul",-0.222717521516603
"NOAA_PDSI_Northern_Virginia_1895_2017","SP09","prev.jun",-0.116044026523368
"NOAA_PDSI_Northern_Virginia_1895_2017","SP09","prev.may",0.00963281273964727
"NOAA_PDSI_Northern_Virginia_1895_2017","SP09","prev.nov",0.0504045781120763
"NOAA_PDSI_Northern_Virginia_1895_2017","SP09","prev.oct",0.0216367490254378
"NOAA_PDSI_Northern_Virginia_1895_2017","SP09","prev.sep",0.0581537365869855
"NOAA_PDSI_Northern_Virginia_1895_2017","SP12","curr.apr",-0.123409811293335
"NOAA_PDSI_Northern_Virginia_1895_2017","SP12","curr.aug",0.322913225787636
"NOAA_PDSI_Northern_Virginia_1895_2017","SP12","curr.feb",-0.156274987874877
"NOAA_PDSI_Northern_Virginia_1895_2017","SP12","curr.jan",-0.129615118539281
"NOAA_PDSI_Northern_Virginia_1895_2017","SP12","curr.jul",0.278651309371485
"NOAA_PDSI_Northern_Virginia_1895_2017","SP12","curr.jun",0.147387950784771
"NOAA_PDSI_Northern_Virginia_1895_2017","SP12","curr.mar",-0.160204649699884
"NOAA_PDSI_Northern_Virginia_1895_2017","SP12","curr.may",0.0322973391756316
"NOAA_PDSI_Northern_Virginia_1895_2017","SP12","prev.apr",-0.101615558054388
"NOAA_PDSI_Northern_Virginia_1895_2017","SP12","prev.aug",0.0923114289235389
"NOAA_PDSI_Northern_Virginia_1895_2017","SP12","prev.dec",-0.0687992521895329
"NOAA_PDSI_Northern_Virginia_1895_2017","SP12","prev.jul",-0.0490887469844002
"NOAA_PDSI_Northern_Virginia_1895_2017","SP12","prev.jun",-0.0543309113075699
"NOAA_PDSI_Northern_Virginia_1895_2017","SP12","prev.may",-0.0868504113495926
"NOAA_PDSI_Northern_Virginia_1895_2017","SP12","prev.nov",-0.0263162180207489
"NOAA_PDSI_Northern_Virginia_1895_2017","SP12","prev.oct",0.0569891941219809
"NOAA_PDSI_Northern_Virginia_1895_2017","SP12","prev.sep",0.176077906625888
"NOAA_PDSI_Northern_Virginia_1895_2017","SP24","curr.apr",-0.226560528616835
"NOAA_PDSI_Northern_Virginia_1895_2017","SP24","curr.aug",0.434919982935866
"NOAA_PDSI_Northern_Virginia_1895_2017","SP24","curr.feb",-0.126024819138393
"NOAA_PDSI_Northern_Virginia_1895_2017","SP24","curr.jan",-0.0959290276993944
"NOAA_PDSI_Northern_Virginia_1895_2017","SP24","curr.jul",0.217191789692315
"NOAA_PDSI_Northern_Virginia_1895_2017","SP24","curr.jun",0.0436558876610178
"NOAA_PDSI_Northern_Virginia_1895_2017","SP24","curr.mar",-0.186909185933769
"NOAA_PDSI_Northern_Virginia_1895_2017","SP24","curr.may",-0.112323299207923
"NOAA_PDSI_Northern_Virginia_1895_2017","SP24","prev.apr",-0.0408941986915402
"NOAA_PDSI_Northern_Virginia_1895_2017","SP24","prev.aug",0.0700271123182388
"NOAA_PDSI_Northern_Virginia_1895_2017","SP24","prev.dec",-0.0314775870536581
"NOAA_PDSI_Northern_Virginia_1895_2017","SP24","prev.jul",0.00104163525761921
"NOAA_PDSI_Northern_Virginia_1895_2017","SP24","prev.jun",-0.0158323308002771
"NOAA_PDSI_Northern_Virginia_1895_2017","SP24","prev.may",-0.0102536998987338
"NOAA_PDSI_Northern_Virginia_1895_2017","SP24","prev.nov",-0.0305934047245599
"NOAA_PDSI_Northern_Virginia_1895_2017","SP24","prev.oct",0.0225577086836292
"NOAA_PDSI_Northern_Virginia_1895_2017","SP24","prev.sep",0.0626870194247277
"NOAA_PDSI_Northern_Virginia_1895_2017","TAVG","curr.apr",0.146846191728264
"NOAA_PDSI_Northern_Virginia_1895_2017","TAVG","curr.aug",-0.080417814047029
"NOAA_PDSI_Northern_Virginia_1895_2017","TAVG","curr.feb",-0.0571381786011639
"NOAA_PDSI_Northern_Virginia_1895_2017","TAVG","curr.jan",0.0469239685777992
"NOAA_PDSI_Northern_Virginia_1895_2017","TAVG","curr.jul",-0.0763228738963816
"NOAA_PDSI_Northern_Virginia_1895_2017","TAVG","curr.jun",-0.246076858272315
"NOAA_PDSI_Northern_Virginia_1895_2017","TAVG","curr.mar",-0.0551547468272387
"NOAA_PDSI_Northern_Virginia_1895_2017","TAVG","curr.may",-0.223191998968414
"NOAA_PDSI_Northern_Virginia_1895_2017","TAVG","prev.apr",0.0204235946492758
"NOAA_PDSI_Northern_Virginia_1895_2017","TAVG","prev.aug",0.0448845475258362
"NOAA_PDSI_Northern_Virginia_1895_2017","TAVG","prev.dec",0.0176238963025495
"NOAA_PDSI_Northern_Virginia_1895_2017","TAVG","prev.jul",0.0328093812043858
"NOAA_PDSI_Northern_Virginia_1895_2017","TAVG","prev.jun",0.00956453561871664
"NOAA_PDSI_Northern_Virginia_1895_2017","TAVG","prev.may",0.0768955691085595
"NOAA_PDSI_Northern_Virginia_1895_2017","TAVG","prev.nov",-0.0493094454104437
"NOAA_PDSI_Northern_Virginia_1895_2017","TAVG","prev.oct",-0.0359487605379241
"NOAA_PDSI_Northern_Virginia_1895_2017","TAVG","prev.sep",-0.040222500298131
"NOAA_PDSI_Northern_Virginia_1895_2017","TMAX","curr.apr",0.125456946675045
"NOAA_PDSI_Northern_Virginia_1895_2017","TMAX","curr.aug",-0.100792000534829
"NOAA_PDSI_Northern_Virginia_1895_2017","TMAX","curr.feb",-0.0424261446415545
"NOAA_PDSI_Northern_Virginia_1895_2017","TMAX","curr.jan",0.0734708709677662
"NOAA_PDSI_Northern_Virginia_1895_2017","TMAX","curr.jul",-0.138605697697029
"NOAA_PDSI_Northern_Virginia_1895_2017","TMAX","curr.jun",-0.240693508595309
"NOAA_PDSI_Northern_Virginia_1895_2017","TMAX","curr.mar",-0.0859724270264879
"NOAA_PDSI_Northern_Virginia_1895_2017","TMAX","curr.may",-0.222782643658213
"NOAA_PDSI_Northern_Virginia_1895_2017","TMAX","prev.apr",0.0270850745946407
"NOAA_PDSI_Northern_Virginia_1895_2017","TMAX","prev.aug",-0.0426945438115359
"NOAA_PDSI_Northern_Virginia_1895_2017","TMAX","prev.dec",-0.0272561828120929
"NOAA_PDSI_Northern_Virginia_1895_2017","TMAX","prev.jul",0.0229238643647614
"NOAA_PDSI_Northern_Virginia_1895_2017","TMAX","prev.jun",0.0459890454442149
"NOAA_PDSI_Northern_Virginia_1895_2017","TMAX","prev.may",0.179318312482101
"NOAA_PDSI_Northern_Virginia_1895_2017","TMAX","prev.nov",-0.116641364569643
"NOAA_PDSI_Northern_Virginia_1895_2017","TMAX","prev.oct",-0.0493485804359276
"NOAA_PDSI_Northern_Virginia_1895_2017","TMAX","prev.sep",-0.109669655991675
"NOAA_PDSI_Northern_Virginia_1895_2017","TMIN","curr.apr",0.105683880687176
"NOAA_PDSI_Northern_Virginia_1895_2017","TMIN","curr.aug",-0.0120056665135175
"NOAA_PDSI_Northern_Virginia_1895_2017","TMIN","curr.feb",-0.0374046979885212
"NOAA_PDSI_Northern_Virginia_1895_2017","TMIN","curr.jan",0.0158820758141642
"NOAA_PDSI_Northern_Virginia_1895_2017","TMIN","curr.jul",0.0179141016490076
"NOAA_PDSI_Northern_Virginia_1895_2017","TMIN","curr.jun",-0.16277610126271
"NOAA_PDSI_Northern_Virginia_1895_2017","TMIN","curr.mar",0.0256887144837428
"NOAA_PDSI_Northern_Virginia_1895_2017","TMIN","curr.may",-0.160582795037195
"NOAA_PDSI_Northern_Virginia_1895_2017","TMIN","prev.apr",-0.0139279427090627
"NOAA_PDSI_Northern_Virginia_1895_2017","TMIN","prev.aug",0.113136429955979
"NOAA_PDSI_Northern_Virginia_1895_2017","TMIN","prev.dec",0.0769607151512686
"NOAA_PDSI_Northern_Virginia_1895_2017","TMIN","prev.jul",-0.00176491652291716
"NOAA_PDSI_Northern_Virginia_1895_2017","TMIN","prev.jun",-0.0148760537069895
"NOAA_PDSI_Northern_Virginia_1895_2017","TMIN","prev.may",-0.0159432321682382
"NOAA_PDSI_Northern_Virginia_1895_2017","TMIN","prev.nov",0.00340378169275287
"NOAA_PDSI_Northern_Virginia_1895_2017","TMIN","prev.oct",0.0309059614815064
"NOAA_PDSI_Northern_Virginia_1895_2017","TMIN","prev.sep",0.0304568542689859
"NOAA_PDSI_Northern_Virginia_1895_2017","ZNDX","curr.apr",0.0398168194336815
"NOAA_PDSI_Northern_Virginia_1895_2017","ZNDX","curr.aug",0.151406699474924
"NOAA_PDSI_Northern_Virginia_1895_2017","ZNDX","curr.feb",0.0252120563527849
"NOAA_PDSI_Northern_Virginia_1895_2017","ZNDX","curr.jan",-0.152120650873706
"NOAA_PDSI_Northern_Virginia_1895_2017","ZNDX","curr.jul",0.256748044513445
"NOAA_PDSI_Northern_Virginia_1895_2017","ZNDX","curr.jun",0.167393419797568
"NOAA_PDSI_Northern_Virginia_1895_2017","ZNDX","curr.mar",0.0206574497824059
"NOAA_PDSI_Northern_Virginia_1895_2017","ZNDX","curr.may",0.275179211537029
"NOAA_PDSI_Northern_Virginia_1895_2017","ZNDX","prev.apr",-0.0368084190950442
"NOAA_PDSI_Northern_Virginia_1895_2017","ZNDX","prev.aug",0.0931359447034142
"NOAA_PDSI_Northern_Virginia_1895_2017","ZNDX","prev.dec",0.121765132635606
"NOAA_PDSI_Northern_Virginia_1895_2017","ZNDX","prev.jul",-0.0644237202415814
"NOAA_PDSI_Northern_Virginia_1895_2017","ZNDX","prev.jun",-0.0998551492323182
"NOAA_PDSI_Northern_Virginia_1895_2017","ZNDX","prev.may",-0.251089505094508
"NOAA_PDSI_Northern_Virginia_1895_2017","ZNDX","prev.nov",0.104793629789981
"NOAA_PDSI_Northern_Virginia_1895_2017","ZNDX","prev.oct",-0.0572219770130491
"NOAA_PDSI_Northern_Virginia_1895_2017","ZNDX","prev.sep",0.125970824466962
"PRISM_SCBI_1930_2015_30second","PPT","curr.apr",0.0384892094764205
"PRISM_SCBI_1930_2015_30second","PPT","curr.aug",0.26762803851585
"PRISM_SCBI_1930_2015_30second","PPT","curr.feb",0.0219330400455904
"PRISM_SCBI_1930_2015_30second","PPT","curr.jan",-0.118995868432181
"PRISM_SCBI_1930_2015_30second","PPT","curr.jul",0.279384437790406
"PRISM_SCBI_1930_2015_30second","PPT","curr.jun",0.209231837960275
"PRISM_SCBI_1930_2015_30second","PPT","curr.mar",0.0187874125924287
"PRISM_SCBI_1930_2015_30second","PPT","curr.may",0.172644878023525
"PRISM_SCBI_1930_2015_30second","PPT","prev.apr",-0.0645627203260975
"PRISM_SCBI_1930_2015_30second","PPT","prev.aug",0.102843616107167
"PRISM_SCBI_1930_2015_30second","PPT","prev.dec",0.0801130996343388
"PRISM_SCBI_1930_2015_30second","PPT","prev.jul",-0.000776426998958337
"PRISM_SCBI_1930_2015_30second","PPT","prev.jun",-0.0264686192411482
"PRISM_SCBI_1930_2015_30second","PPT","prev.may",-0.158132624878817
"PRISM_SCBI_1930_2015_30second","PPT","prev.nov",0.0458534929282382
"PRISM_SCBI_1930_2015_30second","PPT","prev.oct",-0.0741529770646853
"PRISM_SCBI_1930_2015_30second","PPT","prev.sep",0.118765588244672
"PRISM_SCBI_1930_2015_30second","Tmax","curr.apr",0.0959028863421535
"PRISM_SCBI_1930_2015_30second","Tmax","curr.aug",-0.0749544177284945
"PRISM_SCBI_1930_2015_30second","Tmax","curr.feb",-0.108443059739053
"PRISM_SCBI_1930_2015_30second","Tmax","curr.jan",0.0505496538968019
"PRISM_SCBI_1930_2015_30second","Tmax","curr.jul",-0.152644325333455
"PRISM_SCBI_1930_2015_30second","Tmax","curr.jun",-0.0988900091192922
"PRISM_SCBI_1930_2015_30second","Tmax","curr.mar",-0.114465967772749
"PRISM_SCBI_1930_2015_30second","Tmax","curr.may",-0.185435024411611
"PRISM_SCBI_1930_2015_30second","Tmax","prev.apr",0.0502512159780775
"PRISM_SCBI_1930_2015_30second","Tmax","prev.aug",-0.0925782171885444
"PRISM_SCBI_1930_2015_30second","Tmax","prev.dec",-0.0582448588393389
"PRISM_SCBI_1930_2015_30second","Tmax","prev.jul",0.0472151441703777
"PRISM_SCBI_1930_2015_30second","Tmax","prev.jun",0.109819905384049
"PRISM_SCBI_1930_2015_30second","Tmax","prev.may",0.135448569560176
"PRISM_SCBI_1930_2015_30second","Tmax","prev.nov",-0.138539774270719
"PRISM_SCBI_1930_2015_30second","Tmax","prev.oct",-0.0141588840920065
"PRISM_SCBI_1930_2015_30second","Tmax","prev.sep",-0.12258327449947
"PRISM_SCBI_1930_2015_30second","Tmean","curr.apr",0.106305974215096
"PRISM_SCBI_1930_2015_30second","Tmean","curr.aug",-0.0480195280804598
"PRISM_SCBI_1930_2015_30second","Tmean","curr.feb",-0.0934436904053267
"PRISM_SCBI_1930_2015_30second","Tmean","curr.jan",0.0546463506224785
"PRISM_SCBI_1930_2015_30second","Tmean","curr.jul",-0.107243771912342
"PRISM_SCBI_1930_2015_30second","Tmean","curr.jun",-0.150364810627383
"PRISM_SCBI_1930_2015_30second","Tmean","curr.mar",-0.0888596427124521
"PRISM_SCBI_1930_2015_30second","Tmean","curr.may",-0.235693572098844
"PRISM_SCBI_1930_2015_30second","Tmean","prev.apr",0.0712143423683504
"PRISM_SCBI_1930_2015_30second","Tmean","prev.aug",0.00473663717775629
"PRISM_SCBI_1930_2015_30second","Tmean","prev.dec",-0.0292701644666903
"PRISM_SCBI_1930_2015_30second","Tmean","prev.jul",0.0586363867489121
"PRISM_SCBI_1930_2015_30second","Tmean","prev.jun",0.079197963838185
"PRISM_SCBI_1930_2015_30second","Tmean","prev.may",0.0321075151712639
"PRISM_SCBI_1930_2015_30second","Tmean","prev.nov",-0.0778884021499934
"PRISM_SCBI_1930_2015_30second","Tmean","prev.oct",-0.0581476806073765
"PRISM_SCBI_1930_2015_30second","Tmean","prev.sep",-0.0797188287222762
"PRISM_SCBI_1930_2015_30second","Tmin","curr.apr",0.0504609768306604
"PRISM_SCBI_1930_2015_30second","Tmin","curr.aug",0.026717605718933
"PRISM_SCBI_1930_2015_30second","Tmin","curr.feb",-0.0493559838902037
"PRISM_SCBI_1930_2015_30second","Tmin","curr.jan",0.0413219598092971
"PRISM_SCBI_1930_2015_30second","Tmin","curr.jul",-0.0189935631475783
"PRISM_SCBI_1930_2015_30second","Tmin","curr.jun",-0.140828099590806
"PRISM_SCBI_1930_2015_30second","Tmin","curr.mar",-0.0219462564315908
"PRISM_SCBI_1930_2015_30second","Tmin","curr.may",-0.223157648573463
"PRISM_SCBI_1930_2015_30second","Tmin","prev.apr",0.0408963473129665
"PRISM_SCBI_1930_2015_30second","Tmin","prev.aug",0.0910083709105599
"PRISM_SCBI_1930_2015_30second","Tmin","prev.dec",0.028378514999238
"PRISM_SCBI_1930_2015_30second","Tmin","prev.jul",0.0351344714184865
"PRISM_SCBI_1930_2015_30second","Tmin","prev.jun",0.0469665219737938
"PRISM_SCBI_1930_2015_30second","Tmin","prev.may",-0.0507987277125048
"PRISM_SCBI_1930_2015_30second","Tmin","prev.nov",-0.0305155490770399
"PRISM_SCBI_1930_2015_30second","Tmin","prev.oct",-0.0261376665616045
"PRISM_SCBI_1930_2015_30second","Tmin","prev.sep",-0.00599623046818413
